{"type":"FeatureCollection","features":[{"type":"Feature","id":"LTE-26380","properties":{"cell_id":26380,"radio_type":"LTE","is_simulated":true,"mcc":286,"net":1,"area":8208,"range":3940.0,"samples":23},"geometry":{"type":"Point","coordinates":[32.8279,39.9279]}},{"type":"Feature","id":"LTE-26381","properties":{"cell_id":26381,"radio_type":"LTE","is_simulated":true,"mcc":286,"net":1,"area":8208,"range":1000.0,"samples":6},"geometry":{"type":"Point","coordinates":[32.8283,39.927]}},{"type":"Feature","id":"LTE-26384","properties":{"cell_id":26384,"radio_type":"LTE","is_simulated":true,"mcc":286,"net":1,"area":8208,"range":1000.0,"samples":2},"geometry":{"type":"Point","coordinates":[32.8283,39.927]}},{"type":"Feature","id":"LTE-26385","properties":{"cell_id":26385,"radio_type":"LTE","is_simulated":true,"mcc":286,"net":1,"area":8208,"range":1000.0,"samples":6},"geometry":{"type":"Point","coordinates":[32.8283,39.927]}},{"type":"Feature","id":"LTE-26390","properties":{"cell_id":26390,"radio_type":"LTE","is_simulated":true,"mcc":286,"net":1,"area":8208,"range":1000.0,"samples":8},"geometry":{"type":"Point","coordinates":[32.8272,39.9267]}},{"type":"Feature","id":"LTE-26394","properties":{"cell_id":26394,"radio_type":"LTE","is_simulated":true,"mcc":286,"net":1,"area":8208,"range":1000.0,"samples":1},"geometry":{"type":"Point","coordinates":[32.8281,39.927]}},{"type":"Feature","id":"LTE-26395","properties":{"cell_id":26395,"radio_type":"LTE","is_simulated":true,"mcc":286,"net":1,"area":8208,"range":1000.0,"samples":2},"geometry":{"type":"Point","coordinates":[32.8283,39.927]}},{"type":"Feature","id":"LTE-26402","properties":{"cell_id":26402,"radio_type":"LTE","is_simulated":true,"mcc":286,"net":1,"area":8208,"range":4285.0,"samples":15},"geometry":{"type":"Point","coordinates":[32.8238,39.9303]}},{"type":"Feature","id":"LTE-27429","properties":{"cell_id":27429,"radio_type":"LTE","is_simulated":true,"mcc":286,"net":1,"area":8480,"range":1000.0,"samples":12},"geometry":{"type":"Point","coordinates":[32.7082,39.7843]}},{"type":"Feature","id":"LTE-31767","properties":{"cell_id":31767,"radio_type":"LTE","is_simulated":true,"mcc":286,"net":1,"area":8482,"range":1000.0,"samples":9},"geometry":{"type":"Point","coordinates":[32.8731,39.8792]}},{"type":"Feature","id":"LTE-31771","properties":{"cell_id":31771,"radio_type":"LTE","is_simulated":true,"mcc":286,"net":1,"area":8482,"range":1000.0,"samples":10},"geometry":{"type":"Point","coordinates":[32.8731,39.8774]}},{"type":"Feature","id":"LTE-35084","properties":{"cell_id":35084,"radio_type":"LTE","is_simulated":true,"mcc":286,"net":1,"area":8482,"range":9116.0,"samples":13},"geometry":{"type":"Point","coordinates":[32.8477,39.9113]}},{"type":"Feature","id":"LTE-35104","properties":{"cell_id":35104,"radio_type":"LTE","is_simulated":true,"mcc":286,"net":1,"area":8482,"range":1000.0,"samples":15},"geometry":{"type":"Point","coordinates":[32.8585,39.9081]}},{"type":"Feature","id":"LTE-35877","properties":{"cell_id":35877,"radio_type":"LTE","is_simulated":true,"mcc":286,"net":1,"area":8483,"range":1000.0,"samples":2},"geometry":{"type":"Point","coordinates":[32.8488,39.924]}},{"type":"Feature","id":"LTE-204822","properties":{"cell_id":204822,"radio_type":"LTE","is_simulated":true,"mcc":286,"net":1,"area":8208,"range":1000.0,"samples":8},"geometry":{"type":"Point","coordinates":[32.8358,39.9205]}},{"type":"Feature","id":"LTE-215830","properties":{"cell_id":215830,"radio_type":"LTE","is_simulated":true,"mcc":286,"net":1,"area":8208,"range":1746.0,"samples":16},"geometry":{"type":"Point","coordinates":[32.8158,39.922]}},{"type":"Feature","id":"LTE-215840","properties":{"cell_id":215840,"radio_type":"LTE","is_simulated":true,"mcc":286,"net":1,"area":8208,"range":2288.0,"samples":23},"geometry":{"type":"Point","coordinates":[32.8165,39.925]}},{"type":"Feature","id":"LTE-215845","properties":{"cell_id":215845,"radio_type":"LTE","is_simulated":true,"mcc":286,"net":1,"area":8208,"range":1000.0,"samples":1},"geometry":{"type":"Point","coordinates":[32.8082,39.9102]}},{"type":"Feature","id":"LTE-215854","properties":{"cell_id":215854,"radio_type":"LTE","is_simulated":true,"mcc":286,"net":1,"area":8208,"range":1000.0,"samples":3},"geometry":{"type":"Point","coordinates":[32.8083,39.9102]}},{"type":"Feature","id":"LTE-313100","properties":{"cell_id":313100,"radio_type":"LTE","is_simulated":true,"mcc":286,"net":1,"area":8482,"range":2851.0,"samples":24},"geometry":{"type":"Point","coordinates":[32.8677,39.9054]}},{"type":"Feature","id":"LTE-313110","properties":{"cell_id":313110,"radio_type":"LTE","is_simulated":true,"mcc":286,"net":1,"area":8482,"range":1000.0,"samples":11},"geometry":{"type":"Point","coordinates":[32.8639,39.9062]}},{"type":"Feature","id":"LTE-322828","properties":{"cell_id":322828,"radio_type":"LTE","is_simulated":true,"mcc":286,"net":1,"area":8483,"range":1000.0,"samples":11},"geometry":{"type":"Point","coordinates":[32.8523,39.9135]}},{"type":"Feature","id":"LTE-322848","properties":{"cell_id":322848,"radio_type":"LTE","is_simulated":true,"mcc":286,"net":1,"area":8483,"range":1000.0,"samples":13},"geometry":{"type":"Point","coordinates":[32.847,39.9146]}},{"type":"Feature","id":"LTE-322850","properties":{"cell_id":322850,"radio_type":"LTE","is_simulated":true,"mcc":286,"net":1,"area":8483,"range":1000.0,"samples":6},"geometry":{"type":"Point","coordinates":[32.8483,39.9144]}},{"type":"Feature","id":"LTE-436238","properties":{"cell_id":436238,"radio_type":"LTE","is_simulated":true,"mcc":286,"net":1,"area":8208,"range":1000.0,"samples":11},"geometry":{"type":"Point","coordinates":[32.8096,39.9273]}},{"type":"Feature","id":"LTE-561696","properties":{"cell_id":561696,"radio_type":"LTE","is_simulated":true,"mcc":286,"net":1,"area":8208,"range":1000.0,"samples":5},"geometry":{"type":"Point","coordinates":[32.8138,39.8974]}},{"type":"Feature","id":"LTE-572447","properties":{"cell_id":572447,"radio_type":"LTE","is_simulated":true,"mcc":286,"net":1,"area":8208,"range":1000.0,"samples":1},"geometry":{"type":"Point","coordinates":[32.8083,39.9104]}},{"type":"Feature","id":"LTE-582432","properties":{"cell_id":582432,"radio_type":"LTE","is_simulated":true,"mcc":286,"net":1,"area":8483,"range":4612.0,"samples":17},"geometry":{"type":"Point","coordinates":[32.8585,39.9057]}},{"type":"Feature","id":"LTE-720667","properties":{"cell_id":720667,"radio_type":"LTE","is_simulated":true,"mcc":286,"net":1,"area":8481,"range":1426.0,"samples":24},"geometry":{"type":"Point","coordinates":[32.6456,39.8193]}},{"type":"Feature","id":"LTE-720677","properties":{"cell_id":720677,"radio_type":"LTE","is_simulated":true,"mcc":286,"net":1,"area":8481,"range":1000.0,"samples":17},"geometry":{"type":"Point","coordinates":[32.6441,39.8382]}},{"type":"Feature","id":"LTE-748049","properties":{"cell_id":748049,"radio_type":"LTE","is_simulated":true,"mcc":286,"net":1,"area":8209,"range":1000.0,"samples":3},"geometry":{"type":"Point","coordinates":[32.8473,39.9263]}},{"type":"Feature","id":"LTE-748059","properties":{"cell_id":748059,"radio_type":"LTE","is_simulated":true,"mcc":286,"net":1,"area":8209,"range":1000.0,"samples":2},"geometry":{"type":"Point","coordinates":[32.8463,39.9279]}},{"type":"Feature","id":"LTE-749580","properties":{"cell_id":749580,"radio_type":"LTE","is_simulated":true,"mcc":286,"net":1,"area":8483,"range":9130.0,"samples":22},"geometry":{"type":"Point","coordinates":[32.8587,39.9158]}},{"type":"Feature","id":"LTE-749590","properties":{"cell_id":749590,"radio_type":"LTE","is_simulated":true,"mcc":286,"net":1,"area":8483,"range":3513.0,"samples":15},"geometry":{"type":"Point","coordinates":[32.8332,39.9163]}},{"type":"Feature","id":"LTE-749595","properties":{"cell_id":749595,"radio_type":"LTE","is_simulated":true,"mcc":286,"net":1,"area":8483,"range":1000.0,"samples":4},"geometry":{"type":"Point","coordinates":[32.8338,39.9164]}},{"type":"Feature","id":"LTE-781605","properties":{"cell_id":781605,"radio_type":"LTE","is_simulated":true,"mcc":286,"net":1,"area":8209,"range":1000.0,"samples":4},"geometry":{"type":"Point","coordinates":[32.8377,39.9348]}},{"type":"Feature","id":"LTE-786956","properties":{"cell_id":786956,"radio_type":"LTE","is_simulated":true,"mcc":286,"net":1,"area":8208,"range":3947.0,"samples":32},"geometry":{"type":"Point","coordinates":[32.8163,39.9133]}},{"type":"Feature","id":"LTE-786957","properties":{"cell_id":786957,"radio_type":"LTE","is_simulated":true,"mcc":286,"net":1,"area":8208,"range":1478.0,"samples":3},"geometry":{"type":"Point","coordinates":[32.8192,39.9157]}},{"type":"Feature","id":"LTE-786961","properties":{"cell_id":786961,"radio_type":"LTE","is_simulated":true,"mcc":286,"net":1,"area":8208,"range":1000.0,"samples":10},"geometry":{"type":"Point","coordinates":[32.8147,39.9105]}},{"type":"Feature","id":"LTE-786966","properties":{"cell_id":786966,"radio_type":"LTE","is_simulated":true,"mcc":286,"net":1,"area":8208,"range":7254.0,"samples":21},"geometry":{"type":"Point","coordinates":[32.8169,39.9102]}},{"type":"Feature","id":"LTE-786976","properties":{"cell_id":786976,"radio_type":"LTE","is_simulated":true,"mcc":286,"net":1,"area":8208,"range":1000.0,"samples":10},"geometry":{"type":"Point","coordinates":[32.8125,39.9102]}},{"type":"Feature","id":"LTE-786977","properties":{"cell_id":786977,"radio_type":"LTE","is_simulated":true,"mcc":286,"net":1,"area":8208,"range":1000.0,"samples":6},"geometry":{"type":"Point","coordinates":[32.8088,39.9101]}},{"type":"Feature","id":"LTE-786978","properties":{"cell_id":786978,"radio_type":"LTE","is_simulated":true,"mcc":286,"net":1,"area":8208,"range":1000.0,"samples":10},"geometry":{"type":"Point","coordinates":[32.8132,39.9098]}},{"type":"Feature","id":"LTE-790540","properties":{"cell_id":790540,"radio_type":"LTE","is_simulated":true,"mcc":286,"net":1,"area":8480,"range":742.0,"samples":34},"geometry":{"type":"Point","coordinates":[32.5812,39.8318]}},{"type":"Feature","id":"LTE-790541","properties":{"cell_id":790541,"radio_type":"LTE","is_simulated":true,"mcc":286,"net":1,"area":8480,"range":1678.0,"samples":27},"geometry":{"type":"Point","coordinates":[32.581,39.8317]}},{"type":"Feature","id":"LTE-790545","properties":{"cell_id":790545,"radio_type":"LTE","is_simulated":true,"mcc":286,"net":1,"area":8480,"range":1000.0,"samples":23},"geometry":{"type":"Point","coordinates":[32.5763,39.8269]}},{"type":"Feature","id":"LTE-790561","properties":{"cell_id":790561,"radio_type":"LTE","is_simulated":true,"mcc":286,"net":1,"area":8480,"range":1406.0,"samples":26},"geometry":{"type":"Point","coordinates":[32.5587,39.8135]}},{"type":"Feature","id":"LTE-793612","properties":{"cell_id":793612,"radio_type":"LTE","is_simulated":true,"mcc":286,"net":1,"area":8480,"range":1461.0,"samples":4},"geometry":{"type":"Point","coordinates":[32.7643,39.8237]}},{"type":"Feature","id":"LTE-793617","properties":{"cell_id":793617,"radio_type":"LTE","is_simulated":true,"mcc":286,"net":1,"area":8480,"range":1000.0,"samples":5},"geometry":{"type":"Point","coordinates":[32.7578,39.8144]}},{"type":"Feature","id":"LTE-793622","properties":{"cell_id":793622,"radio_type":"LTE","is_simulated":true,"mcc":286,"net":1,"area":8480,"range":2293.0,"samples":10},"geometry":{"type":"Point","coordinates":[32.7363,39.8204]}},{"type":"Feature","id":"LTE-793627","properties":{"cell_id":793627,"radio_type":"LTE","is_simulated":true,"mcc":286,"net":1,"area":8480,"range":6877.0,"samples":24},"geometry":{"type":"Point","coordinates":[32.7387,39.7757]}},{"type":"Feature","id":"LTE-955916","properties":{"cell_id":955916,"radio_type":"LTE","is_simulated":true,"mcc":286,"net":1,"area":8478,"range":1000.0,"samples":15},"geometry":{"type":"Point","coordinates":[32.8684,39.8756]}},{"type":"Feature","id":"LTE-955936","properties":{"cell_id":955936,"radio_type":"LTE","is_simulated":true,"mcc":286,"net":1,"area":8478,"range":5376.0,"samples":26},"geometry":{"type":"Point","coordinates":[32.8609,39.8803]}},{"type":"Feature","id":"LTE-1013807","properties":{"cell_id":1013807,"radio_type":"LTE","is_simulated":true,"mcc":286,"net":1,"area":8196,"range":1000.0,"samples":1},"geometry":{"type":"Point","coordinates":[32.8513,39.9862]}},{"type":"Feature","id":"LTE-1106188","properties":{"cell_id":1106188,"radio_type":"LTE","is_simulated":true,"mcc":286,"net":1,"area":8208,"range":1138.0,"samples":10},"geometry":{"type":"Point","coordinates":[32.8327,39.9173]}},{"type":"Feature","id":"LTE-1106208","properties":{"cell_id":1106208,"radio_type":"LTE","is_simulated":true,"mcc":286,"net":1,"area":8208,"range":1153.0,"samples":15},"geometry":{"type":"Point","coordinates":[32.8301,39.9167]}},{"type":"Feature","id":"LTE-1106209","properties":{"cell_id":1106209,"radio_type":"LTE","is_simulated":true,"mcc":286,"net":1,"area":8208,"range":1000.0,"samples":1},"geometry":{"type":"Point","coordinates":[32.8284,39.927]}},{"type":"Feature","id":"LTE-1106213","properties":{"cell_id":1106213,"radio_type":"LTE","is_simulated":true,"mcc":286,"net":1,"area":8208,"range":1000.0,"samples":2},"geometry":{"type":"Point","coordinates":[32.8292,39.9159]}},{"type":"Feature","id":"LTE-1142294","properties":{"cell_id":1142294,"radio_type":"LTE","is_simulated":true,"mcc":286,"net":1,"area":8478,"range":725.0,"samples":47},"geometry":{"type":"Point","coordinates":[32.8101,39.8495]}},{"type":"Feature","id":"LTE-1183760","properties":{"cell_id":1183760,"radio_type":"LTE","is_simulated":true,"mcc":286,"net":1,"area":8192,"range":1000.0,"samples":1},"geometry":{"type":"Point","coordinates":[32.7743,39.97]}},{"type":"Feature","id":"LTE-1221389","properties":{"cell_id":1221389,"radio_type":"LTE","is_simulated":true,"mcc":286,"net":1,"area":8483,"range":1000.0,"samples":1},"geometry":{"type":"Point","coordinates":[32.8481,39.9249]}},{"type":"Feature","id":"LTE-1221409","properties":{"cell_id":1221409,"radio_type":"LTE","is_simulated":true,"mcc":286,"net":1,"area":8483,"range":1000.0,"samples":2},"geometry":{"type":"Point","coordinates":[32.8478,39.9254]}},{"type":"Feature","id":"LTE-1221413","properties":{"cell_id":1221413,"radio_type":"LTE","is_simulated":true,"mcc":286,"net":1,"area":8483,"range":1000.0,"samples":1},"geometry":{"type":"Point","coordinates":[32.8483,39.9246]}},{"type":"Feature","id":"LTE-1480721","properties":{"cell_id":1480721,"radio_type":"LTE","is_simulated":true,"mcc":286,"net":1,"area":8212,"range":1000.0,"samples":1},"geometry":{"type":"Point","coordinates":[32.5726,39.9529]}},{"type":"Feature","id":"LTE-1480726","properties":{"cell_id":1480726,"radio_type":"LTE","is_simulated":true,"mcc":286,"net":1,"area":8212,"range":1000.0,"samples":9},"geometry":{"type":"Point","coordinates":[32.5716,39.9529]}},{"type":"Feature","id":"LTE-1480731","properties":{"cell_id":1480731,"radio_type":"LTE","is_simulated":true,"mcc":286,"net":1,"area":8212,"range":1000.0,"samples":1},"geometry":{"type":"Point","coordinates":[32.5711,39.9534]}},{"type":"Feature","id":"LTE-1480736","properties":{"cell_id":1480736,"radio_type":"LTE","is_simulated":true,"mcc":286,"net":1,"area":8212,"range":1000.0,"samples":11},"geometry":{"type":"Point","coordinates":[32.5716,39.9536]}},{"type":"Feature","id":"LTE-1480740","properties":{"cell_id":1480740,"radio_type":"LTE","is_simulated":true,"mcc":286,"net":1,"area":8212,"range":1000.0,"samples":6},"geometry":{"type":"Point","coordinates":[32.5714,39.9535]}},{"type":"Feature","id":"LTE-1480741","properties":{"cell_id":1480741,"radio_type":"LTE","is_simulated":true,"mcc":286,"net":1,"area":8212,"range":1000.0,"samples":17},"geometry":{"type":"Point","coordinates":[32.5712,39.9536]}},{"type":"Feature","id":"LTE-1700385","properties":{"cell_id":1700385,"radio_type":"LTE","is_simulated":true,"mcc":286,"net":1,"area":8481,"range":1000.0,"samples":5},"geometry":{"type":"Point","coordinates":[32.6342,39.8664]}},{"type":"Feature","id":"LTE-2368022","properties":{"cell_id":2368022,"radio_type":"LTE","is_simulated":true,"mcc":286,"net":1,"area":8208,"range":1000.0,"samples":10},"geometry":{"type":"Point","coordinates":[32.8085,39.9104]}},{"type":"Feature","id":"LTE-2368023","properties":{"cell_id":2368023,"radio_type":"LTE","is_simulated":true,"mcc":286,"net":1,"area":8208,"range":1000.0,"samples":4},"geometry":{"type":"Point","coordinates":[32.8085,39.9104]}},{"type":"Feature","id":"LTE-2368024","properties":{"cell_id":2368024,"radio_type":"LTE","is_simulated":true,"mcc":286,"net":1,"area":8208,"range":1000.0,"samples":2},"geometry":{"type":"Point","coordinates":[32.8088,39.9105]}},{"type":"Feature","id":"LTE-2372394","properties":{"cell_id":2372394,"radio_type":"LTE","is_simulated":true,"mcc":286,"net":1,"area":8480,"range":1000.0,"samples":11},"geometry":{"type":"Point","coordinates":[32.7339,39.7522]}},{"type":"Feature","id":"LTE-2372906","properties":{"cell_id":2372906,"radio_type":"LTE","is_simulated":true,"mcc":286,"net":1,"area":8478,"range":1000.0,"samples":3},"geometry":{"type":"Point","coordinates":[32.8111,39.872]}},{"type":"Feature","id":"LTE-2437137","properties":{"cell_id":2437137,"radio_type":"LTE","is_simulated":true,"mcc":286,"net":1,"area":8480,"range":1465.0,"samples":49},"geometry":{"type":"Point","coordinates":[32.6658,39.7843]}},{"type":"Feature","id":"LTE-2437147","properties":{"cell_id":2437147,"radio_type":"LTE","is_simulated":true,"mcc":286,"net":1,"area":8480,"range":1400.0,"samples":33},"geometry":{"type":"Point","coordinates":[32.6529,39.7974]}},{"type":"Feature","id":"LTE-2523148","properties":{"cell_id":2523148,"radio_type":"LTE","is_simulated":true,"mcc":286,"net":1,"area":8208,"range":1000.0,"samples":2},"geometry":{"type":"Point","coordinates":[32.8305,39.9262]}},{"type":"Feature","id":"LTE-2523149","properties":{"cell_id":2523149,"radio_type":"LTE","is_simulated":true,"mcc":286,"net":1,"area":8208,"range":1000.0,"samples":8},"geometry":{"type":"Point","coordinates":[32.8331,39.9243]}},{"type":"Feature","id":"LTE-2523158","properties":{"cell_id":2523158,"radio_type":"LTE","is_simulated":true,"mcc":286,"net":1,"area":8208,"range":1000.0,"samples":4},"geometry":{"type":"Point","coordinates":[32.8326,39.924]}},{"type":"Feature","id":"LTE-2523163","properties":{"cell_id":2523163,"radio_type":"LTE","is_simulated":true,"mcc":286,"net":1,"area":8208,"range":1000.0,"samples":4},"geometry":{"type":"Point","coordinates":[32.8314,39.9257]}},{"type":"Feature","id":"LTE-2523168","properties":{"cell_id":2523168,"radio_type":"LTE","is_simulated":true,"mcc":286,"net":1,"area":8208,"range":1000.0,"samples":7},"geometry":{"type":"Point","coordinates":[32.8304,39.9249]}},{"type":"Feature","id":"LTE-2523173","properties":{"cell_id":2523173,"radio_type":"LTE","is_simulated":true,"mcc":286,"net":1,"area":8208,"range":1000.0,"samples":2},"geometry":{"type":"Point","coordinates":[32.8326,39.9253]}},{"type":"Feature","id":"LTE-2526741","properties":{"cell_id":2526741,"radio_type":"LTE","is_simulated":true,"mcc":286,"net":1,"area":8482,"range":1000.0,"samples":1},"geometry":{"type":"Point","coordinates":[32.8689,39.8826]}},{"type":"Feature","id":"LTE-2526742","properties":{"cell_id":2526742,"radio_type":"LTE","is_simulated":true,"mcc":286,"net":1,"area":8482,"range":1000.0,"samples":4},"geometry":{"type":"Point","coordinates":[32.8684,39.8829]}},{"type":"Feature","id":"LTE-2526743","properties":{"cell_id":2526743,"radio_type":"LTE","is_simulated":true,"mcc":286,"net":1,"area":8482,"range":1000.0,"samples":1},"geometry":{"type":"Point","coordinates":[32.8687,39.8826]}},{"type":"Feature","id":"LTE-2526744","properties":{"cell_id":2526744,"radio_type":"LTE","is_simulated":true,"mcc":286,"net":1,"area":8482,"range":1000.0,"samples":4},"geometry":{"type":"Point","coordinates":[32.8682,39.8832]}},{"type":"Feature","id":"LTE-2526751","properties":{"cell_id":2526751,"radio_type":"LTE","is_simulated":true,"mcc":286,"net":1,"area":8482,"range":1000.0,"samples":1},"geometry":{"type":"Point","coordinates":[32.8681,39.8839]}},{"type":"Feature","id":"LTE-2526752","properties":{"cell_id":2526752,"radio_type":"LTE","is_simulated":true,"mcc":286,"net":1,"area":8482,"range":1000.0,"samples":4},"geometry":{"type":"Point","coordinates":[32.8685,39.8827]}},{"type":"Feature","id":"LTE-2582540","properties":{"cell_id":2582540,"radio_type":"LTE","is_simulated":true,"mcc":286,"net":1,"area":8480,"range":1000.0,"samples":23},"geometry":{"type":"Point","coordinates":[32.6998,39.7816]}},{"type":"Feature","id":"LTE-2582550","properties":{"cell_id":2582550,"radio_type":"LTE","is_simulated":true,"mcc":286,"net":1,"area":8480,"range":640.0,"samples":26},"geometry":{"type":"Point","coordinates":[32.6869,39.7768]}},{"type":"Feature","id":"LTE-2582555","properties":{"cell_id":2582555,"radio_type":"LTE","is_simulated":true,"mcc":286,"net":1,"area":8480,"range":1000.0,"samples":13},"geometry":{"type":"Point","coordinates":[32.6817,39.7761]}},{"type":"Feature","id":"LTE-2904342","properties":{"cell_id":2904342,"radio_type":"LTE","is_simulated":true,"mcc":286,"net":1,"area":8208,"range":1000.0,"samples":2},"geometry":{"type":"Point","coordinates":[32.8178,39.9315]}},{"type":"Feature","id":"LTE-2904343","properties":{"cell_id":2904343,"radio_type":"LTE","is_simulated":true,"mcc":286,"net":1,"area":8208,"range":1000.0,"samples":5},"geometry":{"type":"Point","coordinates":[32.8177,39.9316]}},{"type":"Feature","id":"LTE-2904344","properties":{"cell_id":2904344,"radio_type":"LTE","is_simulated":true,"mcc":286,"net":1,"area":8208,"range":1000.0,"samples":2},"geometry":{"type":"Point","coordinates":[32.8184,39.9321]}},{"type":"Feature","id":"LTE-2979355","properties":{"cell_id":2979355,"radio_type":"LTE","is_simulated":true,"mcc":286,"net":1,"area":8480,"range":1000.0,"samples":13},"geometry":{"type":"Point","coordinates":[32.7179,39.7852]}},{"type":"Feature","id":"LTE-3000086","properties":{"cell_id":3000086,"radio_type":"LTE","is_simulated":true,"mcc":286,"net":1,"area":8208,"range":1000.0,"samples":11},"geometry":{"type":"Point","coordinates":[32.8141,39.9004]}},{"type":"Feature","id":"LTE-3000096","properties":{"cell_id":3000096,"radio_type":"LTE","is_simulated":true,"mcc":286,"net":1,"area":8208,"range":1000.0,"samples":5},"geometry":{"type":"Point","coordinates":[32.8141,39.9008]}},{"type":"Feature","id":"LTE-3097356","properties":{"cell_id":3097356,"radio_type":"LTE","is_simulated":true,"mcc":286,"net":2,"area":40635,"range":1000.0,"samples":7},"geometry":{"type":"Point","coordinates":[32.7442,39.9301]}},{"type":"Feature","id":"LTE-3175507","properties":{"cell_id":3175507,"radio_type":"LTE","is_simulated":true,"mcc":286,"net":2,"area":40624,"range":1000.0,"samples":1},"geometry":{"type":"Point","coordinates":[32.6506,39.8668]}},{"type":"Feature","id":"LTE-3193612","properties":{"cell_id":3193612,"radio_type":"LTE","is_simulated":true,"mcc":286,"net":1,"area":8208,"range":1000.0,"samples":5},"geometry":{"type":"Point","coordinates":[32.8133,39.8934]}},{"type":"Feature","id":"LTE-3193632","properties":{"cell_id":3193632,"radio_type":"LTE","is_simulated":true,"mcc":286,"net":1,"area":8208,"range":1000.0,"samples":5},"geometry":{"type":"Point","coordinates":[32.8137,39.8956]}},{"type":"Feature","id":"LTE-3198749","properties":{"cell_id":3198749,"radio_type":"LTE","is_simulated":true,"mcc":286,"net":1,"area":8192,"range":1000.0,"samples":2},"geometry":{"type":"Point","coordinates":[32.7372,39.9831]}},{"type":"Feature","id":"LTE-3198773","properties":{"cell_id":3198773,"radio_type":"LTE","is_simulated":true,"mcc":286,"net":1,"area":8192,"range":1000.0,"samples":1},"geometry":{"type":"Point","coordinates":[32.7364,39.9827]}},{"type":"Feature","id":"LTE-3427340","properties":{"cell_id":3427340,"radio_type":"LTE","is_simulated":true,"mcc":286,"net":1,"area":8482,"range":1000.0,"samples":5},"geometry":{"type":"Point","coordinates":[32.8575,39.8839]}},{"type":"Feature","id":"LTE-3427342","properties":{"cell_id":3427342,"radio_type":"LTE","is_simulated":true,"mcc":286,"net":1,"area":8482,"range":1000.0,"samples":5},"geometry":{"type":"Point","coordinates":[32.8582,39.8819]}},{"type":"Feature","id":"LTE-3430156","properties":{"cell_id":3430156,"radio_type":"LTE","is_simulated":true,"mcc":286,"net":1,"area":8195,"range":6000.0,"samples":7},"geometry":{"type":"Point","coordinates":[32.8597,39.9813]}},{"type":"Feature","id":"LTE-3430161","properties":{"cell_id":3430161,"radio_type":"LTE","is_simulated":true,"mcc":286,"net":1,"area":8195,"range":1000.0,"samples":1},"geometry":{"type":"Point","coordinates":[32.8508,39.9863]}},{"type":"Feature","id":"LTE-3523339","properties":{"cell_id":3523339,"radio_type":"LTE","is_simulated":true,"mcc":286,"net":1,"area":8208,"range":1000.0,"samples":4},"geometry":{"type":"Point","coordinates":[32.8029,39.9105]}},{"type":"Feature","id":"LTE-3523342","properties":{"cell_id":3523342,"radio_type":"LTE","is_simulated":true,"mcc":286,"net":1,"area":8208,"range":1000.0,"samples":1},"geometry":{"type":"Point","coordinates":[32.8081,39.9104]}},{"type":"Feature","id":"LTE-3733272","properties":{"cell_id":3733272,"radio_type":"LTE","is_simulated":true,"mcc":286,"net":1,"area":8483,"range":1439.0,"samples":8},"geometry":{"type":"Point","coordinates":[32.8555,39.9116]}},{"type":"Feature","id":"LTE-4183318","properties":{"cell_id":4183318,"radio_type":"LTE","is_simulated":true,"mcc":286,"net":1,"area":8208,"range":4945.0,"samples":8},"geometry":{"type":"Point","coordinates":[32.8162,39.9116]}},{"type":"Feature","id":"LTE-4191236","properties":{"cell_id":4191236,"radio_type":"LTE","is_simulated":true,"mcc":286,"net":1,"area":8208,"range":1000.0,"samples":1},"geometry":{"type":"Point","coordinates":[32.8094,39.9125]}},{"type":"Feature","id":"LTE-4191238","properties":{"cell_id":4191238,"radio_type":"LTE","is_simulated":true,"mcc":286,"net":1,"area":8208,"range":1000.0,"samples":1},"geometry":{"type":"Point","coordinates":[32.8094,39.9125]}},{"type":"Feature","id":"LTE-4191239","properties":{"cell_id":4191239,"radio_type":"LTE","is_simulated":true,"mcc":286,"net":1,"area":8208,"range":1000.0,"samples":2},"geometry":{"type":"Point","coordinates":[32.8094,39.9124]}},{"type":"Feature","id":"LTE-4191240","properties":{"cell_id":4191240,"radio_type":"LTE","is_simulated":true,"mcc":286,"net":1,"area":8208,"range":1000.0,"samples":2},"geometry":{"type":"Point","coordinates":[32.8094,39.9124]}},{"type":"Feature","id":"LTE-4191241","properties":{"cell_id":4191241,"radio_type":"LTE","is_simulated":true,"mcc":286,"net":1,"area":8208,"range":1000.0,"samples":2},"geometry":{"type":"Point","coordinates":[32.8094,39.9124]}},{"type":"Feature","id":"LTE-4191304","properties":{"cell_id":4191304,"radio_type":"LTE","is_simulated":true,"mcc":286,"net":1,"area":8208,"range":1000.0,"samples":2},"geometry":{"type":"Point","coordinates":[32.8094,39.9124]}},{"type":"Feature","id":"LTE-4191314","properties":{"cell_id":4191314,"radio_type":"LTE","is_simulated":true,"mcc":286,"net":1,"area":8208,"range":1000.0,"samples":2},"geometry":{"type":"Point","coordinates":[32.8094,39.9124]}},{"type":"Feature","id":"LTE-4191315","properties":{"cell_id":4191315,"radio_type":"LTE","is_simulated":true,"mcc":286,"net":1,"area":8208,"range":1000.0,"samples":1},"geometry":{"type":"Point","coordinates":[32.8093,39.9123]}},{"type":"Feature","id":"LTE-4472598","properties":{"cell_id":4472598,"radio_type":"LTE","is_simulated":true,"mcc":286,"net":1,"area":8208,"range":9011.0,"samples":46},"geometry":{"type":"Point","coordinates":[32.817,39.9005]}},{"type":"Feature","id":"LTE-4472599","properties":{"cell_id":4472599,"radio_type":"LTE","is_simulated":true,"mcc":286,"net":1,"area":8208,"range":1000.0,"samples":4},"geometry":{"type":"Point","coordinates":[32.8085,39.9135]}},{"type":"Feature","id":"LTE-4472600","properties":{"cell_id":4472600,"radio_type":"LTE","is_simulated":true,"mcc":286,"net":1,"area":8208,"range":1000.0,"samples":4},"geometry":{"type":"Point","coordinates":[32.8084,39.9134]}},{"type":"Feature","id":"LTE-4472602","properties":{"cell_id":4472602,"radio_type":"LTE","is_simulated":true,"mcc":286,"net":1,"area":8208,"range":1000.0,"samples":3},"geometry":{"type":"Point","coordinates":[32.8084,39.9135]}},{"type":"Feature","id":"LTE-4472603","properties":{"cell_id":4472603,"radio_type":"LTE","is_simulated":true,"mcc":286,"net":1,"area":8208,"range":1000.0,"samples":3},"geometry":{"type":"Point","coordinates":[32.8085,39.9135]}},{"type":"Feature","id":"LTE-4473355","properties":{"cell_id":4473355,"radio_type":"LTE","is_simulated":true,"mcc":286,"net":1,"area":8208,"range":1000.0,"samples":14},"geometry":{"type":"Point","coordinates":[32.8137,39.9131]}},{"type":"Feature","id":"LTE-4473356","properties":{"cell_id":4473356,"radio_type":"LTE","is_simulated":true,"mcc":286,"net":1,"area":8208,"range":8448.0,"samples":34},"geometry":{"type":"Point","coordinates":[32.8153,39.9059]}},{"type":"Feature","id":"LTE-4473357","properties":{"cell_id":4473357,"radio_type":"LTE","is_simulated":true,"mcc":286,"net":1,"area":8208,"range":2079.0,"samples":8},"geometry":{"type":"Point","coordinates":[32.8119,39.9132]}},{"type":"Feature","id":"LTE-4473358","properties":{"cell_id":4473358,"radio_type":"LTE","is_simulated":true,"mcc":286,"net":1,"area":8208,"range":1000.0,"samples":19},"geometry":{"type":"Point","coordinates":[32.8095,39.9114]}},{"type":"Feature","id":"LTE-4473359","properties":{"cell_id":4473359,"radio_type":"LTE","is_simulated":true,"mcc":286,"net":1,"area":8208,"range":1000.0,"samples":4},"geometry":{"type":"Point","coordinates":[32.81,39.9107]}},{"type":"Feature","id":"LTE-4473360","properties":{"cell_id":4473360,"radio_type":"LTE","is_simulated":true,"mcc":286,"net":1,"area":8208,"range":1000.0,"samples":17},"geometry":{"type":"Point","coordinates":[32.8108,39.9115]}},{"type":"Feature","id":"LTE-4473361","properties":{"cell_id":4473361,"radio_type":"LTE","is_simulated":true,"mcc":286,"net":1,"area":8208,"range":1000.0,"samples":20},"geometry":{"type":"Point","coordinates":[32.8108,39.9116]}},{"type":"Feature","id":"LTE-4473365","properties":{"cell_id":4473365,"radio_type":"LTE","is_simulated":true,"mcc":286,"net":1,"area":8208,"range":3520.0,"samples":8},"geometry":{"type":"Point","coordinates":[32.8171,39.9117]}},{"type":"Feature","id":"LTE-4473366","properties":{"cell_id":4473366,"radio_type":"LTE","is_simulated":true,"mcc":286,"net":1,"area":8208,"range":2531.0,"samples":18},"geometry":{"type":"Point","coordinates":[32.8065,39.9101]}},{"type":"Feature","id":"LTE-4473367","properties":{"cell_id":4473367,"radio_type":"LTE","is_simulated":true,"mcc":286,"net":1,"area":8208,"range":1000.0,"samples":8},"geometry":{"type":"Point","coordinates":[32.8083,39.9113]}},{"type":"Feature","id":"LTE-4473368","properties":{"cell_id":4473368,"radio_type":"LTE","is_simulated":true,"mcc":286,"net":1,"area":8208,"range":1000.0,"samples":11},"geometry":{"type":"Point","coordinates":[32.8068,39.9115]}},{"type":"Feature","id":"LTE-4473370","properties":{"cell_id":4473370,"radio_type":"LTE","is_simulated":true,"mcc":286,"net":1,"area":8208,"range":1000.0,"samples":9},"geometry":{"type":"Point","coordinates":[32.8086,39.9114]}},{"type":"Feature","id":"LTE-4473371","properties":{"cell_id":4473371,"radio_type":"LTE","is_simulated":true,"mcc":286,"net":1,"area":8208,"range":1000.0,"samples":5},"geometry":{"type":"Point","coordinates":[32.8088,39.9115]}},{"type":"Feature","id":"LTE-4473377","properties":{"cell_id":4473377,"radio_type":"LTE","is_simulated":true,"mcc":286,"net":1,"area":8208,"range":1000.0,"samples":4},"geometry":{"type":"Point","coordinates":[32.8082,39.9128]}},{"type":"Feature","id":"LTE-4473378","properties":{"cell_id":4473378,"radio_type":"LTE","is_simulated":true,"mcc":286,"net":1,"area":8208,"range":622.0,"samples":28},"geometry":{"type":"Point","coordinates":[32.804,39.9123]}},{"type":"Feature","id":"LTE-4473380","properties":{"cell_id":4473380,"radio_type":"LTE","is_simulated":true,"mcc":286,"net":1,"area":8208,"range":1000.0,"samples":1},"geometry":{"type":"Point","coordinates":[32.8083,39.9134]}},{"type":"Feature","id":"LTE-4473381","properties":{"cell_id":4473381,"radio_type":"LTE","is_simulated":true,"mcc":286,"net":1,"area":8208,"range":1000.0,"samples":2},"geometry":{"type":"Point","coordinates":[32.8084,39.913]}},{"type":"Feature","id":"LTE-4861457","properties":{"cell_id":4861457,"radio_type":"LTE","is_simulated":true,"mcc":286,"net":1,"area":8481,"range":1106.0,"samples":37},"geometry":{"type":"Point","coordinates":[32.6069,39.8543]}},{"type":"Feature","id":"LTE-4861472","properties":{"cell_id":4861472,"radio_type":"LTE","is_simulated":true,"mcc":286,"net":1,"area":8481,"range":1539.0,"samples":31},"geometry":{"type":"Point","coordinates":[32.5977,39.8482]}},{"type":"Feature","id":"LTE-4861477","properties":{"cell_id":4861477,"radio_type":"LTE","is_simulated":true,"mcc":286,"net":1,"area":8481,"range":1000.0,"samples":6},"geometry":{"type":"Point","coordinates":[32.5967,39.8476]}},{"type":"Feature","id":"LTE-5046033","properties":{"cell_id":5046033,"radio_type":"LTE","is_simulated":true,"mcc":286,"net":1,"area":8480,"range":1000.0,"samples":3},"geometry":{"type":"Point","coordinates":[32.753,39.8087]}},{"type":"Feature","id":"LTE-5046038","properties":{"cell_id":5046038,"radio_type":"LTE","is_simulated":true,"mcc":286,"net":1,"area":8480,"range":1000.0,"samples":6},"geometry":{"type":"Point","coordinates":[32.7361,39.756]}},{"type":"Feature","id":"LTE-5046053","properties":{"cell_id":5046053,"radio_type":"LTE","is_simulated":true,"mcc":286,"net":1,"area":8480,"range":1000.0,"samples":6},"geometry":{"type":"Point","coordinates":[32.7417,39.7661]}},{"type":"Feature","id":"LTE-5046063","properties":{"cell_id":5046063,"radio_type":"LTE","is_simulated":true,"mcc":286,"net":1,"area":8480,"range":1002.0,"samples":24},"geometry":{"type":"Point","coordinates":[32.744,39.7754]}},{"type":"Feature","id":"LTE-5047077","properties":{"cell_id":5047077,"radio_type":"LTE","is_simulated":true,"mcc":286,"net":1,"area":8480,"range":1000.0,"samples":18},"geometry":{"type":"Point","coordinates":[32.6652,39.7847]}},{"type":"Feature","id":"LTE-5051670","properties":{"cell_id":5051670,"radio_type":"LTE","is_simulated":true,"mcc":286,"net":1,"area":8208,"range":1000.0,"samples":13},"geometry":{"type":"Point","coordinates":[32.8129,39.8898]}},{"type":"Feature","id":"LTE-5056012","properties":{"cell_id":5056012,"radio_type":"LTE","is_simulated":true,"mcc":286,"net":1,"area":8478,"range":1000.0,"samples":9},"geometry":{"type":"Point","coordinates":[32.8123,39.8836]}},{"type":"Feature","id":"LTE-5056022","properties":{"cell_id":5056022,"radio_type":"LTE","is_simulated":true,"mcc":286,"net":1,"area":8478,"range":1000.0,"samples":2},"geometry":{"type":"Point","coordinates":[32.8119,39.8796]}},{"type":"Feature","id":"LTE-5056032","properties":{"cell_id":5056032,"radio_type":"LTE","is_simulated":true,"mcc":286,"net":1,"area":8478,"range":1000.0,"samples":13},"geometry":{"type":"Point","coordinates":[32.8113,39.8755]}},{"type":"Feature","id":"LTE-5213708","properties":{"cell_id":5213708,"radio_type":"LTE","is_simulated":true,"mcc":286,"net":1,"area":8212,"range":1000.0,"samples":2},"geometry":{"type":"Point","coordinates":[32.5703,39.954]}},{"type":"Feature","id":"LTE-5213710","properties":{"cell_id":5213710,"radio_type":"LTE","is_simulated":true,"mcc":286,"net":1,"area":8212,"range":1000.0,"samples":3},"geometry":{"type":"Point","coordinates":[32.5706,39.9538]}},{"type":"Feature","id":"LTE-5434636","properties":{"cell_id":5434636,"radio_type":"LTE","is_simulated":true,"mcc":286,"net":1,"area":8208,"range":1000.0,"samples":5},"geometry":{"type":"Point","coordinates":[32.8119,39.9109]}},{"type":"Feature","id":"LTE-5434637","properties":{"cell_id":5434637,"radio_type":"LTE","is_simulated":true,"mcc":286,"net":1,"area":8208,"range":1000.0,"samples":6},"geometry":{"type":"Point","coordinates":[32.8126,39.9101]}},{"type":"Feature","id":"LTE-5434640","properties":{"cell_id":5434640,"radio_type":"LTE","is_simulated":true,"mcc":286,"net":1,"area":8208,"range":1000.0,"samples":1},"geometry":{"type":"Point","coordinates":[32.8117,39.9113]}},{"type":"Feature","id":"LTE-5434641","properties":{"cell_id":5434641,"radio_type":"LTE","is_simulated":true,"mcc":286,"net":1,"area":8208,"range":1000.0,"samples":11},"geometry":{"type":"Point","coordinates":[32.8129,39.91]}},{"type":"Feature","id":"LTE-5434647","properties":{"cell_id":5434647,"radio_type":"LTE","is_simulated":true,"mcc":286,"net":1,"area":8208,"range":1000.0,"samples":4},"geometry":{"type":"Point","coordinates":[32.8127,39.9097]}},{"type":"Feature","id":"LTE-5567008","properties":{"cell_id":5567008,"radio_type":"LTE","is_simulated":true,"mcc":286,"net":1,"area":8208,"range":1000.0,"samples":1},"geometry":{"type":"Point","coordinates":[32.8319,39.9191]}},{"type":"Feature","id":"LTE-5567012","properties":{"cell_id":5567012,"radio_type":"LTE","is_simulated":true,"mcc":286,"net":1,"area":8208,"range":1000.0,"samples":10},"geometry":{"type":"Point","coordinates":[32.8305,39.9183]}},{"type":"Feature","id":"LTE-5567013","properties":{"cell_id":5567013,"radio_type":"LTE","is_simulated":true,"mcc":286,"net":1,"area":8208,"range":1000.0,"samples":7},"geometry":{"type":"Point","coordinates":[32.8302,39.918]}},{"type":"Feature","id":"LTE-5694998","properties":{"cell_id":5694998,"radio_type":"LTE","is_simulated":true,"mcc":286,"net":1,"area":8195,"range":1000.0,"samples":1},"geometry":{"type":"Point","coordinates":[32.8512,39.9862]}},{"type":"Feature","id":"LTE-5888534","properties":{"cell_id":5888534,"radio_type":"LTE","is_simulated":true,"mcc":286,"net":1,"area":8482,"range":1000.0,"samples":1},"geometry":{"type":"Point","coordinates":[32.8689,39.8824]}},{"type":"Feature","id":"LTE-5888535","properties":{"cell_id":5888535,"radio_type":"LTE","is_simulated":true,"mcc":286,"net":1,"area":8482,"range":1000.0,"samples":7},"geometry":{"type":"Point","coordinates":[32.8698,39.8809]}},{"type":"Feature","id":"LTE-5900566","properties":{"cell_id":5900566,"radio_type":"LTE","is_simulated":true,"mcc":286,"net":1,"area":8196,"range":1000.0,"samples":4},"geometry":{"type":"Point","coordinates":[32.8961,39.934]}},{"type":"Feature","id":"LTE-5905233","properties":{"cell_id":5905233,"radio_type":"LTE","is_simulated":true,"mcc":286,"net":2,"area":40628,"range":1000.0,"samples":8},"geometry":{"type":"Point","coordinates":[32.5694,39.9642]}},{"type":"Feature","id":"LTE-5905234","properties":{"cell_id":5905234,"radio_type":"LTE","is_simulated":true,"mcc":286,"net":2,"area":40628,"range":1000.0,"samples":4},"geometry":{"type":"Point","coordinates":[32.566,39.9626]}},{"type":"Feature","id":"LTE-5913683","properties":{"cell_id":5913683,"radio_type":"LTE","is_simulated":true,"mcc":286,"net":2,"area":40621,"range":1000.0,"samples":3},"geometry":{"type":"Point","coordinates":[32.8376,39.939]}},{"type":"Feature","id":"LTE-6002976","properties":{"cell_id":6002976,"radio_type":"LTE","is_simulated":true,"mcc":286,"net":1,"area":8209,"range":1000.0,"samples":22},"geometry":{"type":"Point","coordinates":[32.8318,39.9339]}},{"type":"Feature","id":"LTE-6002977","properties":{"cell_id":6002977,"radio_type":"LTE","is_simulated":true,"mcc":286,"net":1,"area":8209,"range":1000.0,"samples":3},"geometry":{"type":"Point","coordinates":[32.832,39.9335]}},{"type":"Feature","id":"LTE-6002981","properties":{"cell_id":6002981,"radio_type":"LTE","is_simulated":true,"mcc":286,"net":1,"area":8209,"range":1000.0,"samples":6},"geometry":{"type":"Point","coordinates":[32.835,39.9344]}},{"type":"Feature","id":"LTE-6005004","properties":{"cell_id":6005004,"radio_type":"LTE","is_simulated":true,"mcc":286,"net":1,"area":8478,"range":583.0,"samples":50},"geometry":{"type":"Point","coordinates":[32.8076,39.8441]}},{"type":"Feature","id":"LTE-6005024","properties":{"cell_id":6005024,"radio_type":"LTE","is_simulated":true,"mcc":286,"net":1,"area":8478,"range":4435.0,"samples":19},"geometry":{"type":"Point","coordinates":[32.8007,39.8455]}},{"type":"Feature","id":"LTE-6226189","properties":{"cell_id":6226189,"radio_type":"LTE","is_simulated":true,"mcc":286,"net":1,"area":8208,"range":1670.0,"samples":11},"geometry":{"type":"Point","coordinates":[32.8175,39.9145]}},{"type":"Feature","id":"LTE-6226192","properties":{"cell_id":6226192,"radio_type":"LTE","is_simulated":true,"mcc":286,"net":1,"area":8208,"range":1000.0,"samples":9},"geometry":{"type":"Point","coordinates":[32.8175,39.9134]}},{"type":"Feature","id":"LTE-6226193","properties":{"cell_id":6226193,"radio_type":"LTE","is_simulated":true,"mcc":286,"net":1,"area":8208,"range":1283.0,"samples":3},"geometry":{"type":"Point","coordinates":[32.8195,39.9177]}},{"type":"Feature","id":"LTE-6226198","properties":{"cell_id":6226198,"radio_type":"LTE","is_simulated":true,"mcc":286,"net":1,"area":8208,"range":1968.0,"samples":13},"geometry":{"type":"Point","coordinates":[32.8143,39.9118]}},{"type":"Feature","id":"LTE-6226200","properties":{"cell_id":6226200,"radio_type":"LTE","is_simulated":true,"mcc":286,"net":1,"area":8208,"range":1000.0,"samples":14},"geometry":{"type":"Point","coordinates":[32.8145,39.912]}},{"type":"Feature","id":"LTE-6226203","properties":{"cell_id":6226203,"radio_type":"LTE","is_simulated":true,"mcc":286,"net":1,"area":8208,"range":1000.0,"samples":4},"geometry":{"type":"Point","coordinates":[32.8145,39.9108]}},{"type":"Feature","id":"LTE-6226208","properties":{"cell_id":6226208,"radio_type":"LTE","is_simulated":true,"mcc":286,"net":1,"area":8208,"range":2928.0,"samples":18},"geometry":{"type":"Point","coordinates":[32.815,39.9128]}},{"type":"Feature","id":"LTE-6226212","properties":{"cell_id":6226212,"radio_type":"LTE","is_simulated":true,"mcc":286,"net":1,"area":8208,"range":1000.0,"samples":3},"geometry":{"type":"Point","coordinates":[32.8152,39.9128]}},{"type":"Feature","id":"LTE-6226213","properties":{"cell_id":6226213,"radio_type":"LTE","is_simulated":true,"mcc":286,"net":1,"area":8208,"range":1362.0,"samples":3},"geometry":{"type":"Point","coordinates":[32.819,39.9171]}},{"type":"Feature","id":"LTE-6527500","properties":{"cell_id":6527500,"radio_type":"LTE","is_simulated":true,"mcc":286,"net":1,"area":8482,"range":1000.0,"samples":4},"geometry":{"type":"Point","coordinates":[32.8552,39.8876]}},{"type":"Feature","id":"LTE-6527510","properties":{"cell_id":6527510,"radio_type":"LTE","is_simulated":true,"mcc":286,"net":1,"area":8482,"range":1000.0,"samples":4},"geometry":{"type":"Point","coordinates":[32.8553,39.889]}},{"type":"Feature","id":"LTE-6527525","properties":{"cell_id":6527525,"radio_type":"LTE","is_simulated":true,"mcc":286,"net":1,"area":8482,"range":1000.0,"samples":4},"geometry":{"type":"Point","coordinates":[32.8557,39.8905]}},{"type":"Feature","id":"LTE-6822945","properties":{"cell_id":6822945,"radio_type":"LTE","is_simulated":true,"mcc":286,"net":2,"area":40625,"range":1000.0,"samples":5},"geometry":{"type":"Point","coordinates":[32.5764,39.9665]}},{"type":"Feature","id":"LTE-6841868","properties":{"cell_id":6841868,"radio_type":"LTE","is_simulated":true,"mcc":286,"net":1,"area":8483,"range":1000.0,"samples":14},"geometry":{"type":"Point","coordinates":[32.8561,39.9123]}},{"type":"Feature","id":"LTE-6841889","properties":{"cell_id":6841889,"radio_type":"LTE","is_simulated":true,"mcc":286,"net":1,"area":8483,"range":1000.0,"samples":7},"geometry":{"type":"Point","coordinates":[32.8552,39.9113]}},{"type":"Feature","id":"LTE-6865430","properties":{"cell_id":6865430,"radio_type":"LTE","is_simulated":true,"mcc":286,"net":1,"area":8482,"range":1395.0,"samples":25},"geometry":{"type":"Point","coordinates":[32.8568,39.8883]}},{"type":"Feature","id":"LTE-6867729","properties":{"cell_id":6867729,"radio_type":"LTE","is_simulated":true,"mcc":286,"net":1,"area":8481,"range":1000.0,"samples":18},"geometry":{"type":"Point","coordinates":[32.6278,39.8511]}},{"type":"Feature","id":"LTE-6867749","properties":{"cell_id":6867749,"radio_type":"LTE","is_simulated":true,"mcc":286,"net":1,"area":8481,"range":1000.0,"samples":20},"geometry":{"type":"Point","coordinates":[32.6367,39.8445]}},{"type":"Feature","id":"LTE-6913804","properties":{"cell_id":6913804,"radio_type":"LTE","is_simulated":true,"mcc":286,"net":1,"area":8478,"range":500.0,"samples":30},"geometry":{"type":"Point","coordinates":[32.8104,39.8636]}},{"type":"Feature","id":"LTE-6913824","properties":{"cell_id":6913824,"radio_type":"LTE","is_simulated":true,"mcc":286,"net":1,"area":8478,"range":687.0,"samples":30},"geometry":{"type":"Point","coordinates":[32.8097,39.8583]}},{"type":"Feature","id":"LTE-7532581","properties":{"cell_id":7532581,"radio_type":"LTE","is_simulated":true,"mcc":286,"net":1,"area":8482,"range":1000.0,"samples":7},"geometry":{"type":"Point","coordinates":[32.8565,39.8928]}},{"type":"Feature","id":"LTE-7637538","properties":{"cell_id":7637538,"radio_type":"LTE","is_simulated":true,"mcc":286,"net":1,"area":8481,"range":1000.0,"samples":5},"geometry":{"type":"Point","coordinates":[32.7,39.8305]}},{"type":"Feature","id":"LTE-7741221","properties":{"cell_id":7741221,"radio_type":"LTE","is_simulated":true,"mcc":286,"net":1,"area":8483,"range":1000.0,"samples":1},"geometry":{"type":"Point","coordinates":[32.8082,39.9105]}},{"type":"Feature","id":"LTE-8044065","properties":{"cell_id":8044065,"radio_type":"LTE","is_simulated":true,"mcc":286,"net":1,"area":8208,"range":1000.0,"samples":1},"geometry":{"type":"Point","coordinates":[32.8177,39.9339]}},{"type":"Feature","id":"LTE-8190737","properties":{"cell_id":8190737,"radio_type":"LTE","is_simulated":true,"mcc":286,"net":1,"area":8195,"range":1000.0,"samples":4},"geometry":{"type":"Point","coordinates":[32.8506,39.9863]}},{"type":"Feature","id":"LTE-8330769","properties":{"cell_id":8330769,"radio_type":"LTE","is_simulated":true,"mcc":286,"net":1,"area":8483,"range":1000.0,"samples":2},"geometry":{"type":"Point","coordinates":[32.8578,39.9098]}},{"type":"Feature","id":"LTE-8331546","properties":{"cell_id":8331546,"radio_type":"LTE","is_simulated":true,"mcc":286,"net":1,"area":8483,"range":1000.0,"samples":4},"geometry":{"type":"Point","coordinates":[32.8355,39.9201]}},{"type":"Feature","id":"LTE-8331547","properties":{"cell_id":8331547,"radio_type":"LTE","is_simulated":true,"mcc":286,"net":1,"area":8483,"range":1000.0,"samples":8},"geometry":{"type":"Point","coordinates":[32.8349,39.9218]}},{"type":"Feature","id":"LTE-8343835","properties":{"cell_id":8343835,"radio_type":"LTE","is_simulated":true,"mcc":286,"net":1,"area":8209,"range":1000.0,"samples":1},"geometry":{"type":"Point","coordinates":[32.8436,39.932]}},{"type":"Feature","id":"LTE-8395345","properties":{"cell_id":8395345,"radio_type":"LTE","is_simulated":true,"mcc":286,"net":2,"area":40629,"range":1000.0,"samples":2},"geometry":{"type":"Point","coordinates":[32.5746,39.9664]}},{"type":"Feature","id":"LTE-8414732","properties":{"cell_id":8414732,"radio_type":"LTE","is_simulated":true,"mcc":286,"net":1,"area":8208,"range":1000.0,"samples":1},"geometry":{"type":"Point","coordinates":[32.8085,39.9116]}},{"type":"Feature","id":"LTE-8414733","properties":{"cell_id":8414733,"radio_type":"LTE","is_simulated":true,"mcc":286,"net":1,"area":8208,"range":1691.0,"samples":5},"geometry":{"type":"Point","coordinates":[32.8153,39.9156]}},{"type":"Feature","id":"LTE-8414735","properties":{"cell_id":8414735,"radio_type":"LTE","is_simulated":true,"mcc":286,"net":1,"area":8208,"range":1000.0,"samples":2},"geometry":{"type":"Point","coordinates":[32.8062,39.9105]}},{"type":"Feature","id":"LTE-8414736","properties":{"cell_id":8414736,"radio_type":"LTE","is_simulated":true,"mcc":286,"net":1,"area":8208,"range":1000.0,"samples":7},"geometry":{"type":"Point","coordinates":[32.8064,39.9102]}},{"type":"Feature","id":"LTE-8414737","properties":{"cell_id":8414737,"radio_type":"LTE","is_simulated":true,"mcc":286,"net":1,"area":8208,"range":1009.0,"samples":21},"geometry":{"type":"Point","coordinates":[32.8043,39.9105]}},{"type":"Feature","id":"LTE-8414742","properties":{"cell_id":8414742,"radio_type":"LTE","is_simulated":true,"mcc":286,"net":1,"area":8208,"range":1000.0,"samples":2},"geometry":{"type":"Point","coordinates":[32.8057,39.9089]}},{"type":"Feature","id":"LTE-8414743","properties":{"cell_id":8414743,"radio_type":"LTE","is_simulated":true,"mcc":286,"net":1,"area":8208,"range":1000.0,"samples":4},"geometry":{"type":"Point","coordinates":[32.8063,39.9081]}},{"type":"Feature","id":"LTE-8414746","properties":{"cell_id":8414746,"radio_type":"LTE","is_simulated":true,"mcc":286,"net":1,"area":8208,"range":1000.0,"samples":7},"geometry":{"type":"Point","coordinates":[32.8063,39.9082]}},{"type":"Feature","id":"LTE-8616481","properties":{"cell_id":8616481,"radio_type":"LTE","is_simulated":true,"mcc":286,"net":2,"area":40635,"range":1000.0,"samples":5},"geometry":{"type":"Point","coordinates":[32.6803,39.9455]}},{"type":"Feature","id":"LTE-8637452","properties":{"cell_id":8637452,"radio_type":"LTE","is_simulated":true,"mcc":286,"net":2,"area":40637,"range":1000.0,"samples":5},"geometry":{"type":"Point","coordinates":[32.7383,39.9281]}},{"type":"Feature","id":"LTE-8766225","properties":{"cell_id":8766225,"radio_type":"LTE","is_simulated":true,"mcc":286,"net":1,"area":8208,"range":1000.0,"samples":1},"geometry":{"type":"Point","coordinates":[32.8176,39.9322]}},{"type":"Feature","id":"LTE-8771616","properties":{"cell_id":8771616,"radio_type":"LTE","is_simulated":true,"mcc":286,"net":1,"area":8195,"range":1000.0,"samples":6},"geometry":{"type":"Point","coordinates":[32.8513,39.9862]}},{"type":"Feature","id":"LTE-8804364","properties":{"cell_id":8804364,"radio_type":"LTE","is_simulated":true,"mcc":286,"net":1,"area":8478,"range":1000.0,"samples":8},"geometry":{"type":"Point","coordinates":[32.8637,39.878]}},{"type":"Feature","id":"LTE-8804389","properties":{"cell_id":8804389,"radio_type":"LTE","is_simulated":true,"mcc":286,"net":1,"area":8478,"range":1000.0,"samples":6},"geometry":{"type":"Point","coordinates":[32.8608,39.8801]}},{"type":"Feature","id":"LTE-8810769","properties":{"cell_id":8810769,"radio_type":"LTE","is_simulated":true,"mcc":286,"net":1,"area":8208,"range":1000.0,"samples":3},"geometry":{"type":"Point","coordinates":[32.8176,39.9286]}},{"type":"Feature","id":"LTE-8810784","properties":{"cell_id":8810784,"radio_type":"LTE","is_simulated":true,"mcc":286,"net":1,"area":8208,"range":1000.0,"samples":22},"geometry":{"type":"Point","coordinates":[32.8153,39.9245]}},{"type":"Feature","id":"LTE-9034513","properties":{"cell_id":9034513,"radio_type":"LTE","is_simulated":true,"mcc":286,"net":1,"area":8482,"range":1000.0,"samples":1},"geometry":{"type":"Point","coordinates":[32.8641,39.9038]}},{"type":"Feature","id":"LTE-9356556","properties":{"cell_id":9356556,"radio_type":"LTE","is_simulated":true,"mcc":286,"net":1,"area":8478,"range":1000.0,"samples":23},"geometry":{"type":"Point","coordinates":[32.811,39.871]}},{"type":"Feature","id":"LTE-9356566","properties":{"cell_id":9356566,"radio_type":"LTE","is_simulated":true,"mcc":286,"net":1,"area":8478,"range":1000.0,"samples":20},"geometry":{"type":"Point","coordinates":[32.8105,39.8656]}},{"type":"Feature","id":"LTE-9405709","properties":{"cell_id":9405709,"radio_type":"LTE","is_simulated":true,"mcc":286,"net":1,"area":8208,"range":1000.0,"samples":2},"geometry":{"type":"Point","coordinates":[32.8083,39.9104]}},{"type":"Feature","id":"LTE-9405728","properties":{"cell_id":9405728,"radio_type":"LTE","is_simulated":true,"mcc":286,"net":1,"area":8208,"range":1000.0,"samples":2},"geometry":{"type":"Point","coordinates":[32.8082,39.9104]}},{"type":"Feature","id":"LTE-9405732","properties":{"cell_id":9405732,"radio_type":"LTE","is_simulated":true,"mcc":286,"net":1,"area":8208,"range":1000.0,"samples":4},"geometry":{"type":"Point","coordinates":[32.8082,39.9103]}},{"type":"Feature","id":"LTE-9486092","properties":{"cell_id":9486092,"radio_type":"LTE","is_simulated":true,"mcc":286,"net":1,"area":8478,"range":1000.0,"samples":16},"geometry":{"type":"Point","coordinates":[32.8092,39.8559]}},{"type":"Feature","id":"LTE-9501969","properties":{"cell_id":9501969,"radio_type":"LTE","is_simulated":true,"mcc":286,"net":1,"area":8482,"range":1000.0,"samples":4},"geometry":{"type":"Point","coordinates":[32.8574,39.8951]}},{"type":"Feature","id":"LTE-9664780","properties":{"cell_id":9664780,"radio_type":"LTE","is_simulated":true,"mcc":286,"net":1,"area":8208,"range":1000.0,"samples":15},"geometry":{"type":"Point","coordinates":[32.8284,39.9265]}},{"type":"Feature","id":"LTE-9664784","properties":{"cell_id":9664784,"radio_type":"LTE","is_simulated":true,"mcc":286,"net":1,"area":8208,"range":1000.0,"samples":5},"geometry":{"type":"Point","coordinates":[32.8283,39.9267]}},{"type":"Feature","id":"LTE-9664785","properties":{"cell_id":9664785,"radio_type":"LTE","is_simulated":true,"mcc":286,"net":1,"area":8208,"range":1000.0,"samples":16},"geometry":{"type":"Point","coordinates":[32.8283,39.9265]}},{"type":"Feature","id":"LTE-9664790","properties":{"cell_id":9664790,"radio_type":"LTE","is_simulated":true,"mcc":286,"net":1,"area":8208,"range":1000.0,"samples":9},"geometry":{"type":"Point","coordinates":[32.8276,39.9251]}},{"type":"Feature","id":"LTE-9664791","properties":{"cell_id":9664791,"radio_type":"LTE","is_simulated":true,"mcc":286,"net":1,"area":8208,"range":1000.0,"samples":1},"geometry":{"type":"Point","coordinates":[32.8282,39.9253]}},{"type":"Feature","id":"LTE-9664794","properties":{"cell_id":9664794,"radio_type":"LTE","is_simulated":true,"mcc":286,"net":1,"area":8208,"range":1000.0,"samples":1},"geometry":{"type":"Point","coordinates":[32.8282,39.9253]}},{"type":"Feature","id":"LTE-9664795","properties":{"cell_id":9664795,"radio_type":"LTE","is_simulated":true,"mcc":286,"net":1,"area":8208,"range":1000.0,"samples":3},"geometry":{"type":"Point","coordinates":[32.8282,39.9254]}},{"type":"Feature","id":"LTE-9664800","properties":{"cell_id":9664800,"radio_type":"LTE","is_simulated":true,"mcc":286,"net":1,"area":8208,"range":1000.0,"samples":2},"geometry":{"type":"Point","coordinates":[32.8274,39.9255]}},{"type":"Feature","id":"LTE-9822732","properties":{"cell_id":9822732,"radio_type":"LTE","is_simulated":true,"mcc":286,"net":1,"area":8482,"range":1000.0,"samples":15},"geometry":{"type":"Point","coordinates":[32.8588,39.9027]}},{"type":"Feature","id":"LTE-9822742","properties":{"cell_id":9822742,"radio_type":"LTE","is_simulated":true,"mcc":286,"net":1,"area":8482,"range":1000.0,"samples":9},"geometry":{"type":"Point","coordinates":[32.859,39.8986]}},{"type":"Feature","id":"LTE-9967185","properties":{"cell_id":9967185,"radio_type":"LTE","is_simulated":true,"mcc":286,"net":2,"area":40634,"range":1000.0,"samples":6},"geometry":{"type":"Point","coordinates":[32.8085,39.9432]}},{"type":"Feature","id":"LTE-9986081","properties":{"cell_id":9986081,"radio_type":"LTE","is_simulated":true,"mcc":286,"net":2,"area":40636,"range":1000.0,"samples":6},"geometry":{"type":"Point","coordinates":[32.7482,39.9313]}},{"type":"Feature","id":"LTE-10023754","properties":{"cell_id":10023754,"radio_type":"LTE","is_simulated":true,"mcc":286,"net":2,"area":40635,"range":1000.0,"samples":7},"geometry":{"type":"Point","coordinates":[32.6768,39.9465]}},{"type":"Feature","id":"LTE-10023763","properties":{"cell_id":10023763,"radio_type":"LTE","is_simulated":true,"mcc":286,"net":2,"area":40635,"range":1000.0,"samples":8},"geometry":{"type":"Point","coordinates":[32.6865,39.9432]}},{"type":"Feature","id":"LTE-10051119","properties":{"cell_id":10051119,"radio_type":"LTE","is_simulated":true,"mcc":286,"net":1,"area":8208,"range":1000.0,"samples":12},"geometry":{"type":"Point","coordinates":[32.8089,39.9105]}},{"type":"Feature","id":"LTE-10051129","properties":{"cell_id":10051129,"radio_type":"LTE","is_simulated":true,"mcc":286,"net":1,"area":8208,"range":1000.0,"samples":5},"geometry":{"type":"Point","coordinates":[32.8092,39.9106]}},{"type":"Feature","id":"LTE-10051139","properties":{"cell_id":10051139,"radio_type":"LTE","is_simulated":true,"mcc":286,"net":1,"area":8208,"range":1000.0,"samples":5},"geometry":{"type":"Point","coordinates":[32.809,39.9106]}},{"type":"Feature","id":"LTE-10051149","properties":{"cell_id":10051149,"radio_type":"LTE","is_simulated":true,"mcc":286,"net":1,"area":8208,"range":1000.0,"samples":2},"geometry":{"type":"Point","coordinates":[32.8088,39.9105]}},{"type":"Feature","id":"LTE-10051159","properties":{"cell_id":10051159,"radio_type":"LTE","is_simulated":true,"mcc":286,"net":1,"area":8208,"range":1000.0,"samples":10},"geometry":{"type":"Point","coordinates":[32.809,39.9106]}},{"type":"Feature","id":"LTE-10051169","properties":{"cell_id":10051169,"radio_type":"LTE","is_simulated":true,"mcc":286,"net":1,"area":8208,"range":1000.0,"samples":20},"geometry":{"type":"Point","coordinates":[32.8087,39.9105]}},{"type":"Feature","id":"LTE-10077457","properties":{"cell_id":10077457,"radio_type":"LTE","is_simulated":true,"mcc":286,"net":1,"area":8208,"range":1000.0,"samples":2},"geometry":{"type":"Point","coordinates":[32.8082,39.9104]}},{"type":"Feature","id":"LTE-10077467","properties":{"cell_id":10077467,"radio_type":"LTE","is_simulated":true,"mcc":286,"net":1,"area":8208,"range":1000.0,"samples":4},"geometry":{"type":"Point","coordinates":[32.8089,39.9106]}},{"type":"Feature","id":"LTE-10081824","properties":{"cell_id":10081824,"radio_type":"LTE","is_simulated":true,"mcc":286,"net":1,"area":8209,"range":1000.0,"samples":2},"geometry":{"type":"Point","coordinates":[32.8456,39.9297]}},{"type":"Feature","id":"LTE-10081829","properties":{"cell_id":10081829,"radio_type":"LTE","is_simulated":true,"mcc":286,"net":1,"area":8209,"range":1000.0,"samples":1},"geometry":{"type":"Point","coordinates":[32.8461,39.9286]}},{"type":"Feature","id":"LTE-10081834","properties":{"cell_id":10081834,"radio_type":"LTE","is_simulated":true,"mcc":286,"net":1,"area":8209,"range":1000.0,"samples":2},"geometry":{"type":"Point","coordinates":[32.845,39.9305]}},{"type":"Feature","id":"LTE-10081839","properties":{"cell_id":10081839,"radio_type":"LTE","is_simulated":true,"mcc":286,"net":1,"area":8209,"range":1000.0,"samples":2},"geometry":{"type":"Point","coordinates":[32.8441,39.9312]}},{"type":"Feature","id":"LTE-10339345","properties":{"cell_id":10339345,"radio_type":"LTE","is_simulated":true,"mcc":286,"net":1,"area":8196,"range":1000.0,"samples":3},"geometry":{"type":"Point","coordinates":[32.8961,39.934]}},{"type":"Feature","id":"LTE-10339596","properties":{"cell_id":10339596,"radio_type":"LTE","is_simulated":true,"mcc":286,"net":1,"area":8196,"range":1000.0,"samples":5},"geometry":{"type":"Point","coordinates":[32.8961,39.934]}},{"type":"Feature","id":"LTE-10339597","properties":{"cell_id":10339597,"radio_type":"LTE","is_simulated":true,"mcc":286,"net":1,"area":8196,"range":1000.0,"samples":2},"geometry":{"type":"Point","coordinates":[32.8961,39.934]}},{"type":"Feature","id":"LTE-10632972","properties":{"cell_id":10632972,"radio_type":"LTE","is_simulated":true,"mcc":286,"net":1,"area":8208,"range":1000.0,"samples":4},"geometry":{"type":"Point","coordinates":[32.8259,39.9237]}},{"type":"Feature","id":"LTE-10632982","properties":{"cell_id":10632982,"radio_type":"LTE","is_simulated":true,"mcc":286,"net":1,"area":8208,"range":1000.0,"samples":8},"geometry":{"type":"Point","coordinates":[32.8259,39.9228]}},{"type":"Feature","id":"LTE-10632984","properties":{"cell_id":10632984,"radio_type":"LTE","is_simulated":true,"mcc":286,"net":1,"area":8208,"range":1000.0,"samples":4},"geometry":{"type":"Point","coordinates":[32.826,39.9224]}},{"type":"Feature","id":"LTE-10632987","properties":{"cell_id":10632987,"radio_type":"LTE","is_simulated":true,"mcc":286,"net":1,"area":8208,"range":1000.0,"samples":1},"geometry":{"type":"Point","coordinates":[32.8262,39.9222]}},{"type":"Feature","id":"LTE-10633002","properties":{"cell_id":10633002,"radio_type":"LTE","is_simulated":true,"mcc":286,"net":1,"area":8208,"range":1000.0,"samples":7},"geometry":{"type":"Point","coordinates":[32.8259,39.9247]}},{"type":"Feature","id":"LTE-10710284","properties":{"cell_id":10710284,"radio_type":"LTE","is_simulated":true,"mcc":286,"net":1,"area":8481,"range":843.0,"samples":26},"geometry":{"type":"Point","coordinates":[32.5894,39.8402]}},{"type":"Feature","id":"LTE-10710289","properties":{"cell_id":10710289,"radio_type":"LTE","is_simulated":true,"mcc":286,"net":1,"area":8481,"range":1000.0,"samples":11},"geometry":{"type":"Point","coordinates":[32.5916,39.8424]}},{"type":"Feature","id":"LTE-10725644","properties":{"cell_id":10725644,"radio_type":"LTE","is_simulated":true,"mcc":286,"net":1,"area":8480,"range":1000.0,"samples":6},"geometry":{"type":"Point","coordinates":[32.6722,39.7779]}},{"type":"Feature","id":"LTE-10821674","properties":{"cell_id":10821674,"radio_type":"LTE","is_simulated":true,"mcc":286,"net":1,"area":8482,"range":1000.0,"samples":1},"geometry":{"type":"Point","coordinates":[32.8592,39.9072]}},{"type":"Feature","id":"LTE-10849814","properties":{"cell_id":10849814,"radio_type":"LTE","is_simulated":true,"mcc":286,"net":1,"area":8208,"range":1000.0,"samples":1},"geometry":{"type":"Point","coordinates":[32.8235,39.9328]}},{"type":"Feature","id":"LTE-10849815","properties":{"cell_id":10849815,"radio_type":"LTE","is_simulated":true,"mcc":286,"net":1,"area":8208,"range":1000.0,"samples":1},"geometry":{"type":"Point","coordinates":[32.8247,39.9328]}},{"type":"Feature","id":"LTE-10849818","properties":{"cell_id":10849818,"radio_type":"LTE","is_simulated":true,"mcc":286,"net":1,"area":8208,"range":1000.0,"samples":1},"geometry":{"type":"Point","coordinates":[32.8285,39.9321]}},{"type":"Feature","id":"LTE-10849819","properties":{"cell_id":10849819,"radio_type":"LTE","is_simulated":true,"mcc":286,"net":1,"area":8208,"range":1000.0,"samples":2},"geometry":{"type":"Point","coordinates":[32.8229,39.9326]}},{"type":"Feature","id":"LTE-10950929","properties":{"cell_id":10950929,"radio_type":"LTE","is_simulated":true,"mcc":286,"net":1,"area":8209,"range":1000.0,"samples":10},"geometry":{"type":"Point","coordinates":[32.8428,39.9336]}},{"type":"Feature","id":"LTE-10950939","properties":{"cell_id":10950939,"radio_type":"LTE","is_simulated":true,"mcc":286,"net":1,"area":8209,"range":1000.0,"samples":2},"geometry":{"type":"Point","coordinates":[32.8424,39.9324]}},{"type":"Feature","id":"LTE-11189292","properties":{"cell_id":11189292,"radio_type":"LTE","is_simulated":true,"mcc":286,"net":1,"area":8192,"range":1000.0,"samples":2},"geometry":{"type":"Point","coordinates":[32.7505,39.9833]}},{"type":"Feature","id":"LTE-11205689","properties":{"cell_id":11205689,"radio_type":"LTE","is_simulated":true,"mcc":286,"net":1,"area":8480,"range":1000.0,"samples":16},"geometry":{"type":"Point","coordinates":[32.7823,39.8421]}},{"type":"Feature","id":"LTE-11542289","properties":{"cell_id":11542289,"radio_type":"LTE","is_simulated":true,"mcc":286,"net":1,"area":8483,"range":1000.0,"samples":1},"geometry":{"type":"Point","coordinates":[32.858,39.9096]}},{"type":"Feature","id":"LTE-11737888","properties":{"cell_id":11737888,"radio_type":"LTE","is_simulated":true,"mcc":286,"net":1,"area":8208,"range":1000.0,"samples":4},"geometry":{"type":"Point","coordinates":[32.8126,39.8872]}},{"type":"Feature","id":"LTE-11794257","properties":{"cell_id":11794257,"radio_type":"LTE","is_simulated":true,"mcc":286,"net":2,"area":40628,"range":1000.0,"samples":6},"geometry":{"type":"Point","coordinates":[32.6044,39.9605]}},{"type":"Feature","id":"LTE-11794258","properties":{"cell_id":11794258,"radio_type":"LTE","is_simulated":true,"mcc":286,"net":2,"area":40628,"range":1000.0,"samples":5},"geometry":{"type":"Point","coordinates":[32.6011,39.961]}},{"type":"Feature","id":"LTE-11797792","properties":{"cell_id":11797792,"radio_type":"LTE","is_simulated":true,"mcc":286,"net":2,"area":40635,"range":1000.0,"samples":6},"geometry":{"type":"Point","coordinates":[32.7846,39.9364]}},{"type":"Feature","id":"LTE-11797793","properties":{"cell_id":11797793,"radio_type":"LTE","is_simulated":true,"mcc":286,"net":2,"area":40635,"range":2225.0,"samples":7},"geometry":{"type":"Point","coordinates":[32.7823,39.9321]}},{"type":"Feature","id":"LTE-11797843","properties":{"cell_id":11797843,"radio_type":"LTE","is_simulated":true,"mcc":286,"net":2,"area":40635,"range":1000.0,"samples":6},"geometry":{"type":"Point","coordinates":[32.7787,39.9344]}},{"type":"Feature","id":"LTE-11798611","properties":{"cell_id":11798611,"radio_type":"LTE","is_simulated":true,"mcc":286,"net":2,"area":40636,"range":1000.0,"samples":1},"geometry":{"type":"Point","coordinates":[32.7884,39.9606]}},{"type":"Feature","id":"LTE-11830560","properties":{"cell_id":11830560,"radio_type":"LTE","is_simulated":true,"mcc":286,"net":2,"area":40628,"range":1000.0,"samples":7},"geometry":{"type":"Point","coordinates":[32.595,39.962]}},{"type":"Feature","id":"LTE-11830816","properties":{"cell_id":11830816,"radio_type":"LTE","is_simulated":true,"mcc":286,"net":2,"area":40628,"range":1000.0,"samples":4},"geometry":{"type":"Point","coordinates":[32.5789,39.9662]}},{"type":"Feature","id":"LTE-11833940","properties":{"cell_id":11833940,"radio_type":"LTE","is_simulated":true,"mcc":286,"net":2,"area":40621,"range":1000.0,"samples":2},"geometry":{"type":"Point","coordinates":[32.8362,39.9399]}},{"type":"Feature","id":"LTE-11836960","properties":{"cell_id":11836960,"radio_type":"LTE","is_simulated":true,"mcc":286,"net":2,"area":40628,"range":1000.0,"samples":3},"geometry":{"type":"Point","coordinates":[32.5819,39.9652]}},{"type":"Feature","id":"LTE-11837010","properties":{"cell_id":11837010,"radio_type":"LTE","is_simulated":true,"mcc":286,"net":2,"area":40628,"range":1000.0,"samples":2},"geometry":{"type":"Point","coordinates":[32.5839,39.9646]}},{"type":"Feature","id":"LTE-11837011","properties":{"cell_id":11837011,"radio_type":"LTE","is_simulated":true,"mcc":286,"net":2,"area":40628,"range":1000.0,"samples":2},"geometry":{"type":"Point","coordinates":[32.583,39.9648]}},{"type":"Feature","id":"LTE-11859231","properties":{"cell_id":11859231,"radio_type":"LTE","is_simulated":true,"mcc":286,"net":1,"area":8482,"range":1000.0,"samples":7},"geometry":{"type":"Point","coordinates":[32.8582,39.9052]}},{"type":"Feature","id":"LTE-11859232","properties":{"cell_id":11859232,"radio_type":"LTE","is_simulated":true,"mcc":286,"net":1,"area":8482,"range":4087.0,"samples":29},"geometry":{"type":"Point","coordinates":[32.8563,39.9084]}},{"type":"Feature","id":"LTE-11878483","properties":{"cell_id":11878483,"radio_type":"LTE","is_simulated":true,"mcc":286,"net":2,"area":40628,"range":1000.0,"samples":4},"geometry":{"type":"Point","coordinates":[32.5731,39.9659]}},{"type":"Feature","id":"LTE-11892512","properties":{"cell_id":11892512,"radio_type":"LTE","is_simulated":true,"mcc":286,"net":2,"area":40635,"range":1000.0,"samples":5},"geometry":{"type":"Point","coordinates":[32.759,39.9312]}},{"type":"Feature","id":"LTE-11892562","properties":{"cell_id":11892562,"radio_type":"LTE","is_simulated":true,"mcc":286,"net":2,"area":40635,"range":1000.0,"samples":11},"geometry":{"type":"Point","coordinates":[32.7536,39.9315]}},{"type":"Feature","id":"LTE-11904011","properties":{"cell_id":11904011,"radio_type":"LTE","is_simulated":true,"mcc":286,"net":2,"area":40625,"range":1521.0,"samples":9},"geometry":{"type":"Point","coordinates":[32.6164,39.9575]}},{"type":"Feature","id":"LTE-11904083","properties":{"cell_id":11904083,"radio_type":"LTE","is_simulated":true,"mcc":286,"net":2,"area":40625,"range":1000.0,"samples":7},"geometry":{"type":"Point","coordinates":[32.609,39.9595]}},{"type":"Feature","id":"LTE-11907871","properties":{"cell_id":11907871,"radio_type":"LTE","is_simulated":true,"mcc":286,"net":2,"area":40635,"range":1000.0,"samples":6},"geometry":{"type":"Point","coordinates":[32.7964,39.9404]}},{"type":"Feature","id":"LTE-11907873","properties":{"cell_id":11907873,"radio_type":"LTE","is_simulated":true,"mcc":286,"net":2,"area":40635,"range":1000.0,"samples":11},"geometry":{"type":"Point","coordinates":[32.7906,39.9386]}},{"type":"Feature","id":"LTE-11916575","properties":{"cell_id":11916575,"radio_type":"LTE","is_simulated":true,"mcc":286,"net":2,"area":40628,"range":1000.0,"samples":3},"geometry":{"type":"Point","coordinates":[32.5806,39.9656]}},{"type":"Feature","id":"LTE-11940620","properties":{"cell_id":11940620,"radio_type":"LTE","is_simulated":true,"mcc":286,"net":1,"area":8208,"range":1000.0,"samples":4},"geometry":{"type":"Point","coordinates":[32.8013,39.9218]}},{"type":"Feature","id":"LTE-11942993","properties":{"cell_id":11942993,"radio_type":"LTE","is_simulated":true,"mcc":286,"net":2,"area":40628,"range":1000.0,"samples":9},"geometry":{"type":"Point","coordinates":[32.5867,39.9636]}},{"type":"Feature","id":"LTE-11955283","properties":{"cell_id":11955283,"radio_type":"LTE","is_simulated":true,"mcc":286,"net":2,"area":40622,"range":1000.0,"samples":6},"geometry":{"type":"Point","coordinates":[32.7758,39.9334]}},{"type":"Feature","id":"LTE-11976460","properties":{"cell_id":11976460,"radio_type":"LTE","is_simulated":true,"mcc":286,"net":2,"area":40635,"range":1000.0,"samples":6},"geometry":{"type":"Point","coordinates":[32.7074,39.9303]}},{"type":"Feature","id":"LTE-11976530","properties":{"cell_id":11976530,"radio_type":"LTE","is_simulated":true,"mcc":286,"net":2,"area":40635,"range":1000.0,"samples":11},"geometry":{"type":"Point","coordinates":[32.7035,39.9334]}},{"type":"Feature","id":"LTE-11976531","properties":{"cell_id":11976531,"radio_type":"LTE","is_simulated":true,"mcc":286,"net":2,"area":40635,"range":1000.0,"samples":6},"geometry":{"type":"Point","coordinates":[32.6996,39.9364]}},{"type":"Feature","id":"LTE-11978577","properties":{"cell_id":11978577,"radio_type":"LTE","is_simulated":true,"mcc":286,"net":2,"area":40628,"range":1000.0,"samples":4},"geometry":{"type":"Point","coordinates":[32.5639,39.9617]}},{"type":"Feature","id":"LTE-11978578","properties":{"cell_id":11978578,"radio_type":"LTE","is_simulated":true,"mcc":286,"net":2,"area":40628,"range":1000.0,"samples":7},"geometry":{"type":"Point","coordinates":[32.5591,39.9614]}},{"type":"Feature","id":"LTE-11980616","properties":{"cell_id":11980616,"radio_type":"LTE","is_simulated":true,"mcc":286,"net":2,"area":40608,"range":5680.0,"samples":3},"geometry":{"type":"Point","coordinates":[32.8379,39.8911]}},{"type":"Feature","id":"LTE-11983412","properties":{"cell_id":11983412,"radio_type":"LTE","is_simulated":true,"mcc":286,"net":2,"area":40629,"range":1000.0,"samples":7},"geometry":{"type":"Point","coordinates":[32.5538,39.9618]}},{"type":"Feature","id":"LTE-11983413","properties":{"cell_id":11983413,"radio_type":"LTE","is_simulated":true,"mcc":286,"net":2,"area":40629,"range":1000.0,"samples":7},"geometry":{"type":"Point","coordinates":[32.5502,39.9606]}},{"type":"Feature","id":"LTE-12013855","properties":{"cell_id":12013855,"radio_type":"LTE","is_simulated":true,"mcc":286,"net":2,"area":40625,"range":1000.0,"samples":3},"geometry":{"type":"Point","coordinates":[32.6349,39.9546]}},{"type":"Feature","id":"LTE-12013895","properties":{"cell_id":12013895,"radio_type":"LTE","is_simulated":true,"mcc":286,"net":2,"area":40625,"range":1000.0,"samples":1},"geometry":{"type":"Point","coordinates":[32.6339,39.9548]}},{"type":"Feature","id":"LTE-12013905","properties":{"cell_id":12013905,"radio_type":"LTE","is_simulated":true,"mcc":286,"net":2,"area":40625,"range":1000.0,"samples":5},"geometry":{"type":"Point","coordinates":[32.6423,39.9533]}},{"type":"Feature","id":"LTE-12013907","properties":{"cell_id":12013907,"radio_type":"LTE","is_simulated":true,"mcc":286,"net":2,"area":40625,"range":1000.0,"samples":9},"geometry":{"type":"Point","coordinates":[32.6405,39.9537]}},{"type":"Feature","id":"LTE-12032525","properties":{"cell_id":12032525,"radio_type":"LTE","is_simulated":true,"mcc":286,"net":2,"area":40625,"range":1000.0,"samples":1},"geometry":{"type":"Point","coordinates":[32.6339,39.9548]}},{"type":"Feature","id":"LTE-12040275","properties":{"cell_id":12040275,"radio_type":"LTE","is_simulated":true,"mcc":286,"net":2,"area":40617,"range":1000.0,"samples":1},"geometry":{"type":"Point","coordinates":[32.8174,39.8653]}},{"type":"Feature","id":"LTE-12058449","properties":{"cell_id":12058449,"radio_type":"LTE","is_simulated":true,"mcc":286,"net":2,"area":40625,"range":1000.0,"samples":7},"geometry":{"type":"Point","coordinates":[32.6509,39.9517]}},{"type":"Feature","id":"LTE-12058451","properties":{"cell_id":12058451,"radio_type":"LTE","is_simulated":true,"mcc":286,"net":2,"area":40625,"range":1000.0,"samples":5},"geometry":{"type":"Point","coordinates":[32.6476,39.9523]}},{"type":"Feature","id":"LTE-12060704","properties":{"cell_id":12060704,"radio_type":"LTE","is_simulated":true,"mcc":286,"net":2,"area":40628,"range":1000.0,"samples":3},"geometry":{"type":"Point","coordinates":[32.5925,39.9624]}},{"type":"Feature","id":"LTE-12060705","properties":{"cell_id":12060705,"radio_type":"LTE","is_simulated":true,"mcc":286,"net":2,"area":40628,"range":1000.0,"samples":3},"geometry":{"type":"Point","coordinates":[32.5912,39.9626]}},{"type":"Feature","id":"LTE-12078929","properties":{"cell_id":12078929,"radio_type":"LTE","is_simulated":true,"mcc":286,"net":2,"area":40628,"range":1000.0,"samples":3},"geometry":{"type":"Point","coordinates":[32.5899,39.9628]}},{"type":"Feature","id":"LTE-12088393","properties":{"cell_id":12088393,"radio_type":"LTE","is_simulated":true,"mcc":286,"net":2,"area":40634,"range":1000.0,"samples":16},"geometry":{"type":"Point","coordinates":[32.8025,39.9418]}},{"type":"Feature","id":"LTE-12088402","properties":{"cell_id":12088402,"radio_type":"LTE","is_simulated":true,"mcc":286,"net":2,"area":40634,"range":1000.0,"samples":4},"geometry":{"type":"Point","coordinates":[32.8263,39.9451]}},{"type":"Feature","id":"LTE-12088403","properties":{"cell_id":12088403,"radio_type":"LTE","is_simulated":true,"mcc":286,"net":2,"area":40634,"range":1000.0,"samples":20},"geometry":{"type":"Point","coordinates":[32.8161,39.9451]}},{"type":"Feature","id":"LTE-12088405","properties":{"cell_id":12088405,"radio_type":"LTE","is_simulated":true,"mcc":286,"net":2,"area":40634,"range":1000.0,"samples":5},"geometry":{"type":"Point","coordinates":[32.8237,39.946]}},{"type":"Feature","id":"LTE-12099667","properties":{"cell_id":12099667,"radio_type":"LTE","is_simulated":true,"mcc":286,"net":2,"area":40634,"range":1000.0,"samples":2},"geometry":{"type":"Point","coordinates":[32.8343,39.9408]}},{"type":"Feature","id":"LTE-12123730","properties":{"cell_id":12123730,"radio_type":"LTE","is_simulated":true,"mcc":286,"net":2,"area":40625,"range":1000.0,"samples":6},"geometry":{"type":"Point","coordinates":[32.6547,39.9509]}},{"type":"Feature","id":"LTE-12135693","properties":{"cell_id":12135693,"radio_type":"LTE","is_simulated":true,"mcc":286,"net":2,"area":40638,"range":1000.0,"samples":5},"geometry":{"type":"Point","coordinates":[32.735,39.9269]}},{"type":"Feature","id":"LTE-12137249","properties":{"cell_id":12137249,"radio_type":"LTE","is_simulated":true,"mcc":286,"net":2,"area":40635,"range":1000.0,"samples":9},"geometry":{"type":"Point","coordinates":[32.7644,39.9312]}},{"type":"Feature","id":"LTE-12137298","properties":{"cell_id":12137298,"radio_type":"LTE","is_simulated":true,"mcc":286,"net":2,"area":40635,"range":1000.0,"samples":6},"geometry":{"type":"Point","coordinates":[32.7695,39.9319]}},{"type":"Feature","id":"LTE-12137299","properties":{"cell_id":12137299,"radio_type":"LTE","is_simulated":true,"mcc":286,"net":2,"area":40635,"range":1000.0,"samples":6},"geometry":{"type":"Point","coordinates":[32.7727,39.9326]}},{"type":"Feature","id":"LTE-12162576","properties":{"cell_id":12162576,"radio_type":"LTE","is_simulated":true,"mcc":286,"net":1,"area":8208,"range":1000.0,"samples":5},"geometry":{"type":"Point","coordinates":[32.8112,39.9108]}},{"type":"Feature","id":"LTE-12162577","properties":{"cell_id":12162577,"radio_type":"LTE","is_simulated":true,"mcc":286,"net":1,"area":8208,"range":1000.0,"samples":6},"geometry":{"type":"Point","coordinates":[32.8107,39.911]}},{"type":"Feature","id":"LTE-12162586","properties":{"cell_id":12162586,"radio_type":"LTE","is_simulated":true,"mcc":286,"net":1,"area":8208,"range":1000.0,"samples":2},"geometry":{"type":"Point","coordinates":[32.8114,39.9111]}},{"type":"Feature","id":"LTE-12162587","properties":{"cell_id":12162587,"radio_type":"LTE","is_simulated":true,"mcc":286,"net":1,"area":8208,"range":1000.0,"samples":1},"geometry":{"type":"Point","coordinates":[32.8125,39.9106]}},{"type":"Feature","id":"LTE-12162596","properties":{"cell_id":12162596,"radio_type":"LTE","is_simulated":true,"mcc":286,"net":1,"area":8208,"range":1000.0,"samples":8},"geometry":{"type":"Point","coordinates":[32.8081,39.9091]}},{"type":"Feature","id":"LTE-12162597","properties":{"cell_id":12162597,"radio_type":"LTE","is_simulated":true,"mcc":286,"net":1,"area":8208,"range":1000.0,"samples":4},"geometry":{"type":"Point","coordinates":[32.8092,39.9105]}},{"type":"Feature","id":"LTE-12203089","properties":{"cell_id":12203089,"radio_type":"LTE","is_simulated":true,"mcc":286,"net":2,"area":40628,"range":1000.0,"samples":4},"geometry":{"type":"Point","coordinates":[32.5985,39.9615]}},{"type":"Feature","id":"LTE-12206859","properties":{"cell_id":12206859,"radio_type":"LTE","is_simulated":true,"mcc":286,"net":2,"area":40634,"range":1000.0,"samples":9},"geometry":{"type":"Point","coordinates":[32.8318,39.9454]}},{"type":"Feature","id":"LTE-12206931","properties":{"cell_id":12206931,"radio_type":"LTE","is_simulated":true,"mcc":286,"net":2,"area":40634,"range":1000.0,"samples":5},"geometry":{"type":"Point","coordinates":[32.8278,39.9436]}},{"type":"Feature","id":"LTE-12234055","properties":{"cell_id":12234055,"radio_type":"LTE","is_simulated":true,"mcc":286,"net":2,"area":40635,"range":1000.0,"samples":16},"geometry":{"type":"Point","coordinates":[32.7282,39.9253]}},{"type":"Feature","id":"LTE-12234056","properties":{"cell_id":12234056,"radio_type":"LTE","is_simulated":true,"mcc":286,"net":2,"area":40635,"range":1000.0,"samples":11},"geometry":{"type":"Point","coordinates":[32.7156,39.9267]}},{"type":"Feature","id":"LTE-12234065","properties":{"cell_id":12234065,"radio_type":"LTE","is_simulated":true,"mcc":286,"net":2,"area":40635,"range":1000.0,"samples":6},"geometry":{"type":"Point","coordinates":[32.721,39.9254]}},{"type":"Feature","id":"LTE-12261132","properties":{"cell_id":12261132,"radio_type":"LTE","is_simulated":true,"mcc":286,"net":1,"area":8208,"range":5230.0,"samples":26},"geometry":{"type":"Point","coordinates":[32.8304,39.9225]}},{"type":"Feature","id":"LTE-12261137","properties":{"cell_id":12261137,"radio_type":"LTE","is_simulated":true,"mcc":286,"net":1,"area":8208,"range":1000.0,"samples":1},"geometry":{"type":"Point","coordinates":[32.8284,39.927]}},{"type":"Feature","id":"LTE-12261147","properties":{"cell_id":12261147,"radio_type":"LTE","is_simulated":true,"mcc":286,"net":1,"area":8208,"range":1000.0,"samples":1},"geometry":{"type":"Point","coordinates":[32.8291,39.9254]}},{"type":"Feature","id":"LTE-12261152","properties":{"cell_id":12261152,"radio_type":"LTE","is_simulated":true,"mcc":286,"net":1,"area":8208,"range":1000.0,"samples":14},"geometry":{"type":"Point","coordinates":[32.8296,39.9268]}},{"type":"Feature","id":"LTE-12261153","properties":{"cell_id":12261153,"radio_type":"LTE","is_simulated":true,"mcc":286,"net":1,"area":8208,"range":1000.0,"samples":4},"geometry":{"type":"Point","coordinates":[32.8293,39.9271]}},{"type":"Feature","id":"LTE-12261157","properties":{"cell_id":12261157,"radio_type":"LTE","is_simulated":true,"mcc":286,"net":1,"area":8208,"range":1000.0,"samples":4},"geometry":{"type":"Point","coordinates":[32.8292,39.9271]}},{"type":"Feature","id":"LTE-13002508","properties":{"cell_id":13002508,"radio_type":"LTE","is_simulated":true,"mcc":286,"net":1,"area":8480,"range":8846.0,"samples":15},"geometry":{"type":"Point","coordinates":[32.7846,39.8459]}},{"type":"Feature","id":"LTE-13016844","properties":{"cell_id":13016844,"radio_type":"LTE","is_simulated":true,"mcc":286,"net":1,"area":8208,"range":1000.0,"samples":2},"geometry":{"type":"Point","coordinates":[32.8293,39.9284]}},{"type":"Feature","id":"LTE-13016854","properties":{"cell_id":13016854,"radio_type":"LTE","is_simulated":true,"mcc":286,"net":1,"area":8208,"range":1000.0,"samples":12},"geometry":{"type":"Point","coordinates":[32.8314,39.9269]}},{"type":"Feature","id":"LTE-13016859","properties":{"cell_id":13016859,"radio_type":"LTE","is_simulated":true,"mcc":286,"net":1,"area":8208,"range":1000.0,"samples":4},"geometry":{"type":"Point","coordinates":[32.8301,39.9273]}},{"type":"Feature","id":"LTE-13016868","properties":{"cell_id":13016868,"radio_type":"LTE","is_simulated":true,"mcc":286,"net":1,"area":8208,"range":1000.0,"samples":4},"geometry":{"type":"Point","coordinates":[32.8289,39.9302]}},{"type":"Feature","id":"LTE-13057568","properties":{"cell_id":13057568,"radio_type":"LTE","is_simulated":true,"mcc":286,"net":1,"area":8482,"range":1000.0,"samples":2},"geometry":{"type":"Point","coordinates":[32.8589,39.9075]}},{"type":"Feature","id":"LTE-13143051","properties":{"cell_id":13143051,"radio_type":"LTE","is_simulated":true,"mcc":286,"net":2,"area":40635,"range":1000.0,"samples":6},"geometry":{"type":"Point","coordinates":[32.7102,39.9285]}},{"type":"Feature","id":"LTE-13143113","properties":{"cell_id":13143113,"radio_type":"LTE","is_simulated":true,"mcc":286,"net":2,"area":40635,"range":1000.0,"samples":6},"geometry":{"type":"Point","coordinates":[32.6971,39.9384]}},{"type":"Feature","id":"LTE-13216081","properties":{"cell_id":13216081,"radio_type":"LTE","is_simulated":true,"mcc":286,"net":2,"area":40625,"range":1000.0,"samples":6},"geometry":{"type":"Point","coordinates":[32.6618,39.9496]}},{"type":"Feature","id":"LTE-13216083","properties":{"cell_id":13216083,"radio_type":"LTE","is_simulated":true,"mcc":286,"net":2,"area":40625,"range":1000.0,"samples":6},"geometry":{"type":"Point","coordinates":[32.6583,39.9502]}},{"type":"Feature","id":"LTE-13590306","properties":{"cell_id":13590306,"radio_type":"LTE","is_simulated":true,"mcc":286,"net":1,"area":8208,"range":1000.0,"samples":6},"geometry":{"type":"Point","coordinates":[32.8026,39.9222]}},{"type":"Feature","id":"LTE-13590314","properties":{"cell_id":13590314,"radio_type":"LTE","is_simulated":true,"mcc":286,"net":1,"area":8208,"range":1000.0,"samples":3},"geometry":{"type":"Point","coordinates":[32.8029,39.9234]}},{"type":"Feature","id":"LTE-13590315","properties":{"cell_id":13590315,"radio_type":"LTE","is_simulated":true,"mcc":286,"net":1,"area":8208,"range":1000.0,"samples":1},"geometry":{"type":"Point","coordinates":[32.8019,39.9228]}},{"type":"Feature","id":"LTE-13863706","properties":{"cell_id":13863706,"radio_type":"LTE","is_simulated":true,"mcc":286,"net":1,"area":8208,"range":1000.0,"samples":4},"geometry":{"type":"Point","coordinates":[32.8287,39.9315]}},{"type":"Feature","id":"LTE-13976843","properties":{"cell_id":13976843,"radio_type":"LTE","is_simulated":true,"mcc":286,"net":1,"area":8208,"range":1000.0,"samples":2},"geometry":{"type":"Point","coordinates":[32.8089,39.9106]}},{"type":"Feature","id":"LTE-14127628","properties":{"cell_id":14127628,"radio_type":"LTE","is_simulated":true,"mcc":286,"net":1,"area":8195,"range":1000.0,"samples":1},"geometry":{"type":"Point","coordinates":[32.8503,39.9864]}},{"type":"Feature","id":"LTE-14174220","properties":{"cell_id":14174220,"radio_type":"LTE","is_simulated":true,"mcc":286,"net":1,"area":8208,"range":1152.0,"samples":7},"geometry":{"type":"Point","coordinates":[32.825,39.917]}},{"type":"Feature","id":"LTE-14174224","properties":{"cell_id":14174224,"radio_type":"LTE","is_simulated":true,"mcc":286,"net":1,"area":8208,"range":1000.0,"samples":4},"geometry":{"type":"Point","coordinates":[32.8246,39.9154]}},{"type":"Feature","id":"LTE-14174240","properties":{"cell_id":14174240,"radio_type":"LTE","is_simulated":true,"mcc":286,"net":1,"area":8208,"range":1000.0,"samples":4},"geometry":{"type":"Point","coordinates":[32.8234,39.9147]}},{"type":"Feature","id":"LTE-14174242","properties":{"cell_id":14174242,"radio_type":"LTE","is_simulated":true,"mcc":286,"net":1,"area":8208,"range":1000.0,"samples":5},"geometry":{"type":"Point","coordinates":[32.8202,39.9141]}},{"type":"Feature","id":"LTE-14174244","properties":{"cell_id":14174244,"radio_type":"LTE","is_simulated":true,"mcc":286,"net":1,"area":8208,"range":1000.0,"samples":15},"geometry":{"type":"Point","coordinates":[32.8219,39.9144]}},{"type":"Feature","id":"LTE-14174250","properties":{"cell_id":14174250,"radio_type":"LTE","is_simulated":true,"mcc":286,"net":1,"area":8208,"range":1260.0,"samples":5},"geometry":{"type":"Point","coordinates":[32.822,39.9168]}},{"type":"Feature","id":"LTE-14174255","properties":{"cell_id":14174255,"radio_type":"LTE","is_simulated":true,"mcc":286,"net":1,"area":8208,"range":1123.0,"samples":5},"geometry":{"type":"Point","coordinates":[32.8247,39.9173]}},{"type":"Feature","id":"LTE-14197782","properties":{"cell_id":14197782,"radio_type":"LTE","is_simulated":true,"mcc":286,"net":1,"area":8208,"range":1000.0,"samples":4},"geometry":{"type":"Point","coordinates":[32.8143,39.9027]}},{"type":"Feature","id":"LTE-14197792","properties":{"cell_id":14197792,"radio_type":"LTE","is_simulated":true,"mcc":286,"net":1,"area":8208,"range":1000.0,"samples":19},"geometry":{"type":"Point","coordinates":[32.8144,39.9042]}},{"type":"Feature","id":"LTE-14300443","properties":{"cell_id":14300443,"radio_type":"LTE","is_simulated":true,"mcc":286,"net":1,"area":8208,"range":1000.0,"samples":7},"geometry":{"type":"Point","coordinates":[32.8267,39.9171]}},{"type":"Feature","id":"LTE-14300452","properties":{"cell_id":14300452,"radio_type":"LTE","is_simulated":true,"mcc":286,"net":1,"area":8208,"range":1000.0,"samples":6},"geometry":{"type":"Point","coordinates":[32.8255,39.9169]}},{"type":"Feature","id":"LTE-14300453","properties":{"cell_id":14300453,"radio_type":"LTE","is_simulated":true,"mcc":286,"net":1,"area":8208,"range":1000.0,"samples":1},"geometry":{"type":"Point","coordinates":[32.8247,39.9164]}},{"type":"Feature","id":"LTE-14626316","properties":{"cell_id":14626316,"radio_type":"LTE","is_simulated":true,"mcc":286,"net":1,"area":8480,"range":1000.0,"samples":18},"geometry":{"type":"Point","coordinates":[32.7683,39.8352]}},{"type":"Feature","id":"LTE-14626321","properties":{"cell_id":14626321,"radio_type":"LTE","is_simulated":true,"mcc":286,"net":1,"area":8480,"range":1000.0,"samples":11},"geometry":{"type":"Point","coordinates":[32.7805,39.843]}},{"type":"Feature","id":"LTE-14626331","properties":{"cell_id":14626331,"radio_type":"LTE","is_simulated":true,"mcc":286,"net":1,"area":8480,"range":1000.0,"samples":7},"geometry":{"type":"Point","coordinates":[32.7642,39.823]}},{"type":"Feature","id":"LTE-14742288","properties":{"cell_id":14742288,"radio_type":"LTE","is_simulated":true,"mcc":286,"net":1,"area":8208,"range":1000.0,"samples":1},"geometry":{"type":"Point","coordinates":[32.8328,39.9196]}},{"type":"Feature","id":"LTE-14779148","properties":{"cell_id":14779148,"radio_type":"LTE","is_simulated":true,"mcc":286,"net":1,"area":8208,"range":1000.0,"samples":4},"geometry":{"type":"Point","coordinates":[32.8219,39.9143]}},{"type":"Feature","id":"LTE-14779153","properties":{"cell_id":14779153,"radio_type":"LTE","is_simulated":true,"mcc":286,"net":1,"area":8208,"range":1000.0,"samples":1},"geometry":{"type":"Point","coordinates":[32.8284,39.927]}},{"type":"Feature","id":"LTE-14779168","properties":{"cell_id":14779168,"radio_type":"LTE","is_simulated":true,"mcc":286,"net":1,"area":8208,"range":1000.0,"samples":13},"geometry":{"type":"Point","coordinates":[32.8178,39.9136]}},{"type":"Feature","id":"LTE-14940699","properties":{"cell_id":14940699,"radio_type":"LTE","is_simulated":true,"mcc":286,"net":1,"area":8192,"range":1000.0,"samples":1},"geometry":{"type":"Point","coordinates":[32.7383,39.9836]}},{"type":"Feature","id":"LTE-14940703","properties":{"cell_id":14940703,"radio_type":"LTE","is_simulated":true,"mcc":286,"net":1,"area":8192,"range":1000.0,"samples":1},"geometry":{"type":"Point","coordinates":[32.7385,39.9832]}},{"type":"Feature","id":"LTE-14940709","properties":{"cell_id":14940709,"radio_type":"LTE","is_simulated":true,"mcc":286,"net":1,"area":8192,"range":1000.0,"samples":4},"geometry":{"type":"Point","coordinates":[32.7386,39.9835]}},{"type":"Feature","id":"LTE-15768853","properties":{"cell_id":15768853,"radio_type":"LTE","is_simulated":true,"mcc":286,"net":3,"area":21254,"range":1000.0,"samples":1},"geometry":{"type":"Point","coordinates":[32.7504,39.9833]}},{"type":"Feature","id":"LTE-15881997","properties":{"cell_id":15881997,"radio_type":"LTE","is_simulated":true,"mcc":286,"net":1,"area":8208,"range":1000.0,"samples":5},"geometry":{"type":"Point","coordinates":[32.8156,39.9302]}},{"type":"Feature","id":"LTE-16376334","properties":{"cell_id":16376334,"radio_type":"LTE","is_simulated":true,"mcc":286,"net":1,"area":8192,"range":1000.0,"samples":5},"geometry":{"type":"Point","coordinates":[32.7756,39.9677]}},{"type":"Feature","id":"LTE-16376336","properties":{"cell_id":16376336,"radio_type":"LTE","is_simulated":true,"mcc":286,"net":1,"area":8192,"range":1000.0,"samples":9},"geometry":{"type":"Point","coordinates":[32.7756,39.9676]}},{"type":"Feature","id":"LTE-16442647","properties":{"cell_id":16442647,"radio_type":"LTE","is_simulated":true,"mcc":286,"net":3,"area":22790,"range":1000.0,"samples":1},"geometry":{"type":"Point","coordinates":[32.9323,39.9014]}},{"type":"Feature","id":"LTE-16481045","properties":{"cell_id":16481045,"radio_type":"LTE","is_simulated":true,"mcc":286,"net":3,"area":21254,"range":1000.0,"samples":1},"geometry":{"type":"Point","coordinates":[32.7505,39.9834]}},{"type":"Feature","id":"LTE-16823062","properties":{"cell_id":16823062,"radio_type":"LTE","is_simulated":true,"mcc":286,"net":3,"area":22796,"range":1000.0,"samples":1},"geometry":{"type":"Point","coordinates":[32.8899,39.9739]}},{"type":"Feature","id":"LTE-16823071","properties":{"cell_id":16823071,"radio_type":"LTE","is_simulated":true,"mcc":286,"net":3,"area":22796,"range":1000.0,"samples":1},"geometry":{"type":"Point","coordinates":[32.8899,39.9739]}},{"type":"Feature","id":"LTE-16823072","properties":{"cell_id":16823072,"radio_type":"LTE","is_simulated":true,"mcc":286,"net":3,"area":22796,"range":1000.0,"samples":2},"geometry":{"type":"Point","coordinates":[32.8899,39.9738]}},{"type":"Feature","id":"LTE-16823073","properties":{"cell_id":16823073,"radio_type":"LTE","is_simulated":true,"mcc":286,"net":3,"area":22796,"range":1000.0,"samples":1},"geometry":{"type":"Point","coordinates":[32.8899,39.9739]}},{"type":"Feature","id":"LTE-16823092","properties":{"cell_id":16823092,"radio_type":"LTE","is_simulated":true,"mcc":286,"net":3,"area":22796,"range":1000.0,"samples":2},"geometry":{"type":"Point","coordinates":[32.8899,39.9739]}},{"type":"Feature","id":"LTE-17066311","properties":{"cell_id":17066311,"radio_type":"LTE","is_simulated":true,"mcc":286,"net":2,"area":40635,"range":1000.0,"samples":11},"geometry":{"type":"Point","coordinates":[32.6924,39.9408]}},{"type":"Feature","id":"LTE-19534860","properties":{"cell_id":19534860,"radio_type":"LTE","is_simulated":true,"mcc":286,"net":1,"area":8482,"range":1000.0,"samples":2},"geometry":{"type":"Point","coordinates":[32.8642,39.9038]}},{"type":"Feature","id":"LTE-19592204","properties":{"cell_id":19592204,"radio_type":"LTE","is_simulated":true,"mcc":286,"net":1,"area":8208,"range":4008.0,"samples":21},"geometry":{"type":"Point","coordinates":[32.8335,39.9227]}},{"type":"Feature","id":"LTE-19592214","properties":{"cell_id":19592214,"radio_type":"LTE","is_simulated":true,"mcc":286,"net":1,"area":8208,"range":1000.0,"samples":18},"geometry":{"type":"Point","coordinates":[32.8318,39.9243]}},{"type":"Feature","id":"LTE-19592216","properties":{"cell_id":19592216,"radio_type":"LTE","is_simulated":true,"mcc":286,"net":1,"area":8208,"range":3153.0,"samples":7},"geometry":{"type":"Point","coordinates":[32.8387,39.9153]}},{"type":"Feature","id":"LTE-19592218","properties":{"cell_id":19592218,"radio_type":"LTE","is_simulated":true,"mcc":286,"net":1,"area":8208,"range":1000.0,"samples":2},"geometry":{"type":"Point","coordinates":[32.8314,39.9222]}},{"type":"Feature","id":"LTE-20203793","properties":{"cell_id":20203793,"radio_type":"LTE","is_simulated":true,"mcc":286,"net":1,"area":8195,"range":1000.0,"samples":1},"geometry":{"type":"Point","coordinates":[32.8509,39.9862]}},{"type":"Feature","id":"LTE-20289313","properties":{"cell_id":20289313,"radio_type":"LTE","is_simulated":true,"mcc":286,"net":1,"area":8192,"range":1000.0,"samples":8},"geometry":{"type":"Point","coordinates":[32.7755,39.9678]}},{"type":"Feature","id":"LTE-20289316","properties":{"cell_id":20289316,"radio_type":"LTE","is_simulated":true,"mcc":286,"net":1,"area":8192,"range":1000.0,"samples":1},"geometry":{"type":"Point","coordinates":[32.7759,39.9676]}},{"type":"Feature","id":"LTE-20289317","properties":{"cell_id":20289317,"radio_type":"LTE","is_simulated":true,"mcc":286,"net":1,"area":8192,"range":1000.0,"samples":1},"geometry":{"type":"Point","coordinates":[32.7751,39.9679]}},{"type":"Feature","id":"LTE-20560152","properties":{"cell_id":20560152,"radio_type":"LTE","is_simulated":true,"mcc":286,"net":1,"area":8208,"range":1000.0,"samples":3},"geometry":{"type":"Point","coordinates":[32.8082,39.9103]}},{"type":"Feature","id":"LTE-20903457","properties":{"cell_id":20903457,"radio_type":"LTE","is_simulated":true,"mcc":286,"net":1,"area":8192,"range":1000.0,"samples":1},"geometry":{"type":"Point","coordinates":[32.7368,39.9826]}},{"type":"Feature","id":"LTE-20903468","properties":{"cell_id":20903468,"radio_type":"LTE","is_simulated":true,"mcc":286,"net":1,"area":8192,"range":1000.0,"samples":1},"geometry":{"type":"Point","coordinates":[32.7364,39.9827]}},{"type":"Feature","id":"LTE-21587211","properties":{"cell_id":21587211,"radio_type":"LTE","is_simulated":true,"mcc":286,"net":1,"area":8208,"range":1000.0,"samples":2},"geometry":{"type":"Point","coordinates":[32.8121,39.9089]}},{"type":"Feature","id":"LTE-21587226","properties":{"cell_id":21587226,"radio_type":"LTE","is_simulated":true,"mcc":286,"net":1,"area":8208,"range":1000.0,"samples":4},"geometry":{"type":"Point","coordinates":[32.8079,39.9073]}},{"type":"Feature","id":"LTE-21587227","properties":{"cell_id":21587227,"radio_type":"LTE","is_simulated":true,"mcc":286,"net":1,"area":8208,"range":1000.0,"samples":2},"geometry":{"type":"Point","coordinates":[32.8074,39.9071]}},{"type":"Feature","id":"LTE-21587247","properties":{"cell_id":21587247,"radio_type":"LTE","is_simulated":true,"mcc":286,"net":1,"area":8208,"range":1000.0,"samples":1},"geometry":{"type":"Point","coordinates":[32.807,39.9072]}},{"type":"Feature","id":"LTE-21587257","properties":{"cell_id":21587257,"radio_type":"LTE","is_simulated":true,"mcc":286,"net":1,"area":8208,"range":1000.0,"samples":5},"geometry":{"type":"Point","coordinates":[32.8087,39.9102]}},{"type":"Feature","id":"LTE-21622808","properties":{"cell_id":21622808,"radio_type":"LTE","is_simulated":true,"mcc":286,"net":1,"area":8208,"range":1000.0,"samples":10},"geometry":{"type":"Point","coordinates":[32.8093,39.9029]}},{"type":"Feature","id":"LTE-22040589","properties":{"cell_id":22040589,"radio_type":"LTE","is_simulated":true,"mcc":286,"net":1,"area":8208,"range":1000.0,"samples":3},"geometry":{"type":"Point","coordinates":[32.8302,39.9331]}},{"type":"Feature","id":"LTE-22040603","properties":{"cell_id":22040603,"radio_type":"LTE","is_simulated":true,"mcc":286,"net":1,"area":8208,"range":1000.0,"samples":11},"geometry":{"type":"Point","coordinates":[32.8304,39.9301]}},{"type":"Feature","id":"LTE-22040608","properties":{"cell_id":22040608,"radio_type":"LTE","is_simulated":true,"mcc":286,"net":1,"area":8208,"range":1000.0,"samples":13},"geometry":{"type":"Point","coordinates":[32.828,39.9324]}},{"type":"Feature","id":"LTE-22040609","properties":{"cell_id":22040609,"radio_type":"LTE","is_simulated":true,"mcc":286,"net":1,"area":8208,"range":1000.0,"samples":3},"geometry":{"type":"Point","coordinates":[32.8279,39.9327]}},{"type":"Feature","id":"LTE-22040613","properties":{"cell_id":22040613,"radio_type":"LTE","is_simulated":true,"mcc":286,"net":1,"area":8208,"range":1000.0,"samples":5},"geometry":{"type":"Point","coordinates":[32.8277,39.9325]}},{"type":"Feature","id":"LTE-22084877","properties":{"cell_id":22084877,"radio_type":"LTE","is_simulated":true,"mcc":286,"net":1,"area":8208,"range":1000.0,"samples":4},"geometry":{"type":"Point","coordinates":[32.8184,39.9298]}},{"type":"Feature","id":"LTE-22084878","properties":{"cell_id":22084878,"radio_type":"LTE","is_simulated":true,"mcc":286,"net":1,"area":8208,"range":1000.0,"samples":19},"geometry":{"type":"Point","coordinates":[32.8213,39.9337]}},{"type":"Feature","id":"LTE-22084887","properties":{"cell_id":22084887,"radio_type":"LTE","is_simulated":true,"mcc":286,"net":1,"area":8208,"range":1000.0,"samples":3},"geometry":{"type":"Point","coordinates":[32.8206,39.9318]}},{"type":"Feature","id":"LTE-22084896","properties":{"cell_id":22084896,"radio_type":"LTE","is_simulated":true,"mcc":286,"net":1,"area":8208,"range":6452.0,"samples":19},"geometry":{"type":"Point","coordinates":[32.8213,39.9308]}},{"type":"Feature","id":"LTE-22084897","properties":{"cell_id":22084897,"radio_type":"LTE","is_simulated":true,"mcc":286,"net":1,"area":8208,"range":1000.0,"samples":4},"geometry":{"type":"Point","coordinates":[32.8188,39.9319]}},{"type":"Feature","id":"LTE-22084901","properties":{"cell_id":22084901,"radio_type":"LTE","is_simulated":true,"mcc":286,"net":1,"area":8208,"range":1000.0,"samples":3},"geometry":{"type":"Point","coordinates":[32.8184,39.9296]}},{"type":"Feature","id":"LTE-22319126","properties":{"cell_id":22319126,"radio_type":"LTE","is_simulated":true,"mcc":286,"net":1,"area":8480,"range":10309.0,"samples":41},"geometry":{"type":"Point","coordinates":[32.7393,39.7898]}},{"type":"Feature","id":"LTE-22319128","properties":{"cell_id":22319128,"radio_type":"LTE","is_simulated":true,"mcc":286,"net":1,"area":8480,"range":3148.0,"samples":27},"geometry":{"type":"Point","coordinates":[32.7336,39.7855]}},{"type":"Feature","id":"LTE-22319131","properties":{"cell_id":22319131,"radio_type":"LTE","is_simulated":true,"mcc":286,"net":1,"area":8480,"range":2822.0,"samples":50},"geometry":{"type":"Point","coordinates":[32.7328,39.7871]}},{"type":"Feature","id":"LTE-22319151","properties":{"cell_id":22319151,"radio_type":"LTE","is_simulated":true,"mcc":286,"net":1,"area":8480,"range":1000.0,"samples":2},"geometry":{"type":"Point","coordinates":[32.7464,39.7853]}},{"type":"Feature","id":"LTE-22725644","properties":{"cell_id":22725644,"radio_type":"LTE","is_simulated":true,"mcc":286,"net":1,"area":8212,"range":1000.0,"samples":20},"geometry":{"type":"Point","coordinates":[32.5713,39.949]}},{"type":"Feature","id":"LTE-22725649","properties":{"cell_id":22725649,"radio_type":"LTE","is_simulated":true,"mcc":286,"net":1,"area":8212,"range":1000.0,"samples":3},"geometry":{"type":"Point","coordinates":[32.5709,39.9532]}},{"type":"Feature","id":"LTE-23458387","properties":{"cell_id":23458387,"radio_type":"LTE","is_simulated":true,"mcc":286,"net":2,"area":40610,"range":1000.0,"samples":2},"geometry":{"type":"Point","coordinates":[32.8351,39.9404]}},{"type":"Feature","id":"LTE-23890981","properties":{"cell_id":23890981,"radio_type":"LTE","is_simulated":true,"mcc":286,"net":1,"area":8481,"range":1000.0,"samples":11},"geometry":{"type":"Point","coordinates":[32.6458,39.8335]}},{"type":"Feature","id":"LTE-24228888","properties":{"cell_id":24228888,"radio_type":"LTE","is_simulated":true,"mcc":286,"net":1,"area":8196,"range":1000.0,"samples":2},"geometry":{"type":"Point","coordinates":[32.8963,39.9341]}},{"type":"Feature","id":"LTE-24299020","properties":{"cell_id":24299020,"radio_type":"LTE","is_simulated":true,"mcc":286,"net":1,"area":8480,"range":5226.0,"samples":5},"geometry":{"type":"Point","coordinates":[32.7907,39.8414]}},{"type":"Feature","id":"LTE-24299040","properties":{"cell_id":24299040,"radio_type":"LTE","is_simulated":true,"mcc":286,"net":1,"area":8480,"range":1000.0,"samples":6},"geometry":{"type":"Point","coordinates":[32.7656,39.8296]}},{"type":"Feature","id":"LTE-24299045","properties":{"cell_id":24299045,"radio_type":"LTE","is_simulated":true,"mcc":286,"net":1,"area":8480,"range":1000.0,"samples":2},"geometry":{"type":"Point","coordinates":[32.7586,39.8154]}},{"type":"Feature","id":"LTE-24299055","properties":{"cell_id":24299055,"radio_type":"LTE","is_simulated":true,"mcc":286,"net":1,"area":8480,"range":1000.0,"samples":4},"geometry":{"type":"Point","coordinates":[32.7653,39.8258]}},{"type":"Feature","id":"LTE-24301846","properties":{"cell_id":24301846,"radio_type":"LTE","is_simulated":true,"mcc":286,"net":1,"area":8195,"range":4843.0,"samples":35},"geometry":{"type":"Point","coordinates":[32.8493,39.979]}},{"type":"Feature","id":"LTE-24330528","properties":{"cell_id":24330528,"radio_type":"LTE","is_simulated":true,"mcc":286,"net":1,"area":8481,"range":728.0,"samples":31},"geometry":{"type":"Point","coordinates":[32.6259,39.8614]}},{"type":"Feature","id":"LTE-24330529","properties":{"cell_id":24330529,"radio_type":"LTE","is_simulated":true,"mcc":286,"net":1,"area":8481,"range":1000.0,"samples":22},"geometry":{"type":"Point","coordinates":[32.6273,39.8629]}},{"type":"Feature","id":"LTE-25122577","properties":{"cell_id":25122577,"radio_type":"LTE","is_simulated":true,"mcc":286,"net":1,"area":8208,"range":1000.0,"samples":4},"geometry":{"type":"Point","coordinates":[32.8125,39.9107]}},{"type":"Feature","id":"LTE-25122637","properties":{"cell_id":25122637,"radio_type":"LTE","is_simulated":true,"mcc":286,"net":1,"area":8208,"range":1000.0,"samples":5},"geometry":{"type":"Point","coordinates":[32.8124,39.9108]}},{"type":"Feature","id":"LTE-25122642","properties":{"cell_id":25122642,"radio_type":"LTE","is_simulated":true,"mcc":286,"net":1,"area":8208,"range":1000.0,"samples":3},"geometry":{"type":"Point","coordinates":[32.8125,39.9107]}},{"type":"Feature","id":"LTE-25292113","properties":{"cell_id":25292113,"radio_type":"LTE","is_simulated":true,"mcc":286,"net":2,"area":40625,"range":1000.0,"samples":6},"geometry":{"type":"Point","coordinates":[32.6731,39.9476]}},{"type":"Feature","id":"LTE-25292115","properties":{"cell_id":25292115,"radio_type":"LTE","is_simulated":true,"mcc":286,"net":2,"area":40625,"range":1000.0,"samples":6},"geometry":{"type":"Point","coordinates":[32.6696,39.9484]}},{"type":"Feature","id":"LTE-268397080","properties":{"cell_id":268397080,"radio_type":"LTE","is_simulated":true,"mcc":286,"net":1,"area":8208,"range":1000.0,"samples":1},"geometry":{"type":"Point","coordinates":[32.8119,39.911]}}]}